959.923076923077,144.577769230769,46.2068241509267,17.9125610654087,0.857967526492397,0.58007364619795,0.816174222871671,0.53076638393531,22.3398410505265,45.4306488675443
13502,800.391,205.304068427321,102.764969984078,0.865707575992477,0.26278524301919,0.780462427745665,0.489096573208723,128.361278969692,215.03488089145
5320.5,523.4245,168.909254101889,39.1735664614282,0.942012940294531,0.339475584012215,0.72124063838601,0.465557202734561,47.9348038552757,163.164376619378
347.619047619048,92.9567619047619,38.6724333140673,14.5537685446303,0.810663289296182,0.591196239402334,0.816186514688609,0.569904779160951,15.3824888501188,37.4998106935707
1762.9,181.8469,52.8312778762195,24.9586216047128,0.836659175113329,0.523155139722973,0.776761289920433,0.513189743304806,28.1924011645411,55.141689231056
5741.5,918.136,241.52244597769,44.7258392796359,0.98159120604118,0.219745867024703,0.614398532395795,0.345505412376267,47.8155183184813,223.609217236462
317.516129032258,79.0173225806452,32.8973047087281,13.8188717026335,0.853875225491362,0.61626799733275,0.851590589488198,0.553943173567421,15.1322941572063,32.4224869922511
646,125.762333333333,38.4815776286903,22.1189874053481,0.799284880696946,0.60642161101118,0.830334970972006,0.567547070792284,24.661547830173,38.4377763632735
113.333333333333,39.3016666666667,17.3149176047227,8.53849271823992,0.775929968920423,0.776029095558024,0.920943219086729,0.651239452182895,9.45181793611974,17.2134001872395
18806,1855.951,549.427345019661,78.5901169327111,0.989716900451407,0.068376088780326,0.521461845607808,0.210122905027933,84.5642067750201,531.075324224351
617.088235294118,118.617970588235,37.85760156423,17.9470269022817,0.779409371445602,0.639791507830226,0.821603024190521,0.577553179369625,20.2222212945023,37.0129295961706
1387.11764705882,167.248176470588,49.5885294238633,20.9542033690137,0.823918927984238,0.577417695824643,0.808724300861456,0.574728200264849,23.9497533665393,50.6732902347462
2570.75,222.112,61.8433514598485,34.2647665877068,0.827066664020686,0.549942895424157,0.835547887454795,0.511889665549079,36.2611331585811,66.413929527408
370.2,77.18075,29.8573857471875,12.0985865796057,0.820708976371259,0.684173009284009,0.87698739514692,0.61762673325843,13.4319708862626,29.4272908168713
11568.5,677.6715,191.904505430753,65.8891863386741,0.94828788875115,0.243318079347606,0.645536585178227,0.364643037811815,78.3611787563233,188.099891363183
3696,338.198,82.3660641655917,31.6368651186807,0.877247936716198,0.485303336453364,0.775853785509784,0.498437785326525,37.2072475619168,83.8593930687933
2321.33333333333,289.825666666667,90.4625927606847,42.6335878788736,0.871747529576195,0.255493090162817,0.595813394229627,0.364178408175024,43.3446493040472,95.3439963745315
1238.10526315789,174.514157894737,64.680226065213,23.8357294433454,0.879102798854828,0.498100829271046,0.786255068561947,0.498070629764199,27.6542997832552,66.702366700022
948.4,160.2051,50.6289437289278,26.1962947222819,0.836613442858006,0.473616136988264,0.756638554831584,0.482925934226562,28.9211319948726,51.4351337149248
495.2,106.8139,44.5014356231545,13.383664053562,0.900895968257172,0.550187169090155,0.803737395791365,0.498450792756759,15.1503999419395,42.4353609175002
3530.14285714286,329.526,106.625663244416,45.3646857244601,0.844158363258336,0.375072281480581,0.690389887327727,0.462432066584221,52.1711120397073,104.755536241072
295.636363636364,85.0730909090909,31.4255659057297,14.7813213133746,0.818905011620287,0.63035712698943,0.837149839937033,0.604380930845784,15.5503713931951,31.0572340494765
2017.66666666667,268.463833333333,76.2825024278093,27.2256177394763,0.905605126653129,0.511035704420184,0.801270468433371,0.456373610384953,29.6056084388884,78.3055025189141
1105.33333333333,236.116666666667,107.803606554424,17.8411131891916,0.977705168182875,0.225777778764422,0.81500197759981,0.483158318698347,21.5653008910911,99.0155469457586
2468.5,297.933166666667,98.6867631414824,24.2178305554429,0.948281580845422,0.457154619345854,0.849497620583193,0.57077966401806,26.0816658899752,88.7818043165968
988,182.697818181818,60.3754772858772,23.4119020878948,0.863182343067764,0.481257555886138,0.768389952613001,0.533752160548129,26.4288831984266,59.4367811848586
371.588235294118,77.5444117647059,29.9827023644219,12.8397320747357,0.857662690496952,0.647362150685772,0.861968524635713,0.587547625607994,13.9698721916899,29.5584142526964
243.62962962963,66.2885185185185,28.9458461156819,11.1254596065162,0.839367209284003,0.653760626268625,0.883004056561663,0.569069657238607,12.2855655775481,28.1318156948974
37316,1614.937,341.473325607759,163.72014252702,0.877567987660934,0.179104180992337,0.755537558210164,0.49050949050949,195.06775746235,361.624114240187
4973,454.789428571429,118.647486643936,40.6775368920087,0.886285398387076,0.285136592384935,0.661169644172941,0.38798440504328,47.0563457243382,116.325881024068
169.034482758621,51.3545172413793,21.8063049391644,10.2303885181631,0.815841961057494,0.706663954449405,0.907441628689123,0.61327487497029,11.0266847319659,22.2419249477054
315.06976744186,74.347488372093,28.9361544960629,13.2734576223838,0.828799579168032,0.636578634633663,0.833934606774728,0.569282929920351,14.8257428619605,29.0838329314356
507.6,91.3516,35.0615193205339,14.6186054049302,0.810616434081836,0.680164983511346,0.860345683967013,0.599643136541164,16.5169524242493,35.4242802684249
5211.25,405.58575,151.763316181291,42.8355367555364,0.934224292981985,0.312010951505933,0.731736525507387,0.52440525305087,56.2906787606962,146.885991054464
390.75,83.3433214285714,32.4087612795504,13.7098553637738,0.812417960656013,0.691898032784657,0.868883128285296,0.595626366672849,14.9655514169283,32.1132088774482
191.606060606061,47.9787878787879,19.5403171126126,9.19261644560013,0.782408367971491,0.768176365717443,0.926195919495665,0.67948162731046,9.78291350158904,19.812214256909
199.375,53.937725,22.7960018020647,10.9311809444337,0.796567786757389,0.744310246960043,0.903716502548708,0.646698176378109,11.8250438848752,22.842339952849
1037.8,176.3888,39.5052324546089,27.0767800841762,0.79834237643584,0.66740267451443,0.867149774436551,0.57759923459477,29.6771715505287,43.3582665743893
233.368421052632,52.7608421052632,21.7980828221803,10.6062503468167,0.842423439789859,0.662830127428047,0.865628128002933,0.566603224275438,11.6877542484237,22.2364526158387
169.166666666667,48.2522166666667,21.0171474130548,9.56176572743483,0.780482068074209,0.773042934762862,0.921200965543322,0.661220592625407,10.3315312601151,20.9887211050952
4226.75,373.54075,86.7761098902189,50.6947257366984,0.857521507389019,0.345261029041334,0.686995145001178,0.42833497093348,57.6797784930393,90.9948606191443
26452,1085.458,205.519636176358,179.040187642247,0.491001818628603,0.280499468780909,0.776333167023743,0.619412246809507,191.981737913552,233.07080469248
808,155.0461875,60.4579572657279,18.5346435714669,0.89178084382284,0.537342845183652,0.780652603318182,0.485834989971897,22.0712612101202,58.7413945015491
471.5,94.6311,37.9453368772974,11.9128652663412,0.896920822846927,0.569475719937585,0.862644910052654,0.53573849220307,13.157808894801,38.0961629824591
281.179487179487,68.654641025641,22.5013970660476,13.0611782919538,0.786992975968023,0.706027748526142,0.870317338971437,0.638571628784308,14.382905396971,23.3305535672133
137.691176470588,44.9251323529412,19.0322699979674,9.18121947538288,0.764305054166177,0.770454520434539,0.911518864266445,0.663170573389954,9.95701301901438,19.1754092881989
7568.16666666667,453.119,110.457450435995,54.571079902395,0.841000391079195,0.393369833818486,0.764648136117222,0.537620013871323,57.93576513152,114.716927891736
967.846153846154,166.173923076923,38.3390181341605,19.5523154333227,0.815217235196523,0.423014966403137,0.737147283904157,0.489374365904451,22.947156514591,41.4199488734835
45.156862745098,19.3041862745098,8.38076873179657,5.56458445521705,0.607575373941869,0.906382960308297,0.964148505650564,0.758446396991297,5.76601268129318,8.78746728974607
377.227272727273,96.7597727272727,31.36926982623,14.4524305144457,0.825706136826787,0.686750319316998,0.872820895796903,0.594343247326448,16.042272020651,32.2375451745774
1111,154.094307692308,45.8898213527048,22.3972289267441,0.824795318643147,0.500242773758938,0.776652184117486,0.498423701190772,24.9477566787391,48.8119036983072
438.2,93.9651,35.4840063349607,14.109771588697,0.816409886791179,0.678835036680708,0.864960804135534,0.63118827356531,15.4256614977048,34.0313115255661
813.647058823529,173.896823529412,56.0607979492257,20.1154058461046,0.83011508410753,0.57426507917098,0.802824403936298,0.517632346520574,23.3734381900554,56.6041398129401
154.52808988764,46.7088988764045,18.9588805046858,10.1053513903101,0.748567681256088,0.773796050265151,0.903909676941252,0.668676942704704,10.9277885022305,19.086352763548
20343,1014.2,235.112932792359,132.254232648188,0.826788001830627,0.24699676335125,0.77823259372609,0.513595394985988,132.64770695075,247.891105124811
5968.8,384.5812,115.346550446594,39.3105986366017,0.905380137213165,0.351770914085159,0.754277476228233,0.413410755485855,43.6111703359282,115.514591895719
4541,470.60925,135.659693026369,55.1777899019117,0.850825067235493,0.40836283343271,0.669877718835575,0.474290713546227,69.2944616724638,125.873554507021
1820.92857142857,288.927857142857,40.4430600018995,30.8740575351098,0.562047319638536,0.74221668130609,0.866345137482638,0.631332732016923,32.7807373269657,46.5139625437898
1271.41666666667,199.496416666667,48.7547429479649,26.6971998765604,0.840205391982333,0.504473132495529,0.769341554666297,0.523141569681851,28.6239940607019,50.8000703288928
3454.55555555556,413.425555555555,91.2328345801888,41.5513779194,0.883062670255215,0.364030375098953,0.653711432076954,0.423347610489156,45.0815488794403,95.050550111435
1779.7,289.2722,89.337940109904,30.3385453987305,0.936884788839698,0.278643786909009,0.63755114652935,0.346231215797208,35.4878043437975,92.0441489468624
31908,3394.639,354.713529679651,257.80919611603,0.686839002688007,0.0347311196799511,0.471614171482626,0.436241335466142,243,365.377886577718
210.9,59.1823,24.6215302871169,11.3723364179599,0.811008420225946,0.717852946363462,0.885933574659303,0.653203869792516,12.2607448814854,23.9416145886776
39.961038961039,19.8478051948052,9.24701601208375,5.03711335399481,0.745747839926406,0.84258252243961,0.958013549258413,0.759019356471133,5.16840684447231,9.52881991654359
2184.11111111111,314.620444444445,94.2592253191622,37.1910002153458,0.932335568217286,0.445439769424531,0.773458966321408,0.536567142314149,41.4521255108739,93.3074330015245
2591.57142857143,180.88,67.7316007585731,25.1648859663831,0.871556907845114,0.516502789085362,0.86066470745942,0.597457933885557,28.1424837670359,69.9775729224416
246.05,63.95605,26.3814282258079,11.635026928328,0.784524546447891,0.720123443385081,0.874932359843114,0.624797611844954,13.1420643688037,25.8912935029835
3413.25,439.6275,121.118552609313,41.0974548724066,0.944409344783417,0.23981450447732,0.646781930940374,0.332387254214262,46.8778355678283,119.561055609106
483.379310344828,126.807896551724,51.6350732501636,14.3713530298319,0.891173148586556,0.505195799765183,0.809659799164482,0.450705710976658,16.363842827738,50.4741452942535
977.368421052632,128.968421052632,46.198088900286,18.3878074777095,0.88486841760583,0.56205621671087,0.813970332862624,0.540526972930621,20.4891528109569,45.1826468652265
138.68253968254,41.1380158730159,17.2021035320395,9.08156258400017,0.77071299780351,0.790772847503825,0.923636067521511,0.670206639624502,9.79434853209124,17.5607847048768
2681.875,387.76075,83.5966113305065,46.5968923266825,0.839471575492441,0.317034770400552,0.612496139436892,0.393678209208321,54.818158193086,98.2450648008313
929,162.128,56.6020258230692,20.2596818547808,0.90646962134835,0.475041912741673,0.765792915663044,0.476021553596683,22.4389610817065,53.9076753184954
570.733333333333,124.298666666667,47.7077287647513,17.2594331161279,0.906065270423236,0.507140464387188,0.828296129491694,0.553457027057658,18.2485878677199,46.0049665559796
196.232142857143,51.7013214285714,19.6844997969567,11.0356079673727,0.738477971737801,0.777959321617674,0.917757437371329,0.685378609150678,11.7918422344938,20.4316564085102
3769.375,216.223375,70.6918888889351,31.5102936821544,0.856500512926084,0.614199014985387,0.840848748434492,0.608285421756822,33.5485166248985,73.2274968056237
1304.1,150.0911,60.4100464319833,20.6262952003558,0.882792376057028,0.557093522826629,0.836045410281119,0.562780306378703,23.5409083731641,58.8465320712586
26338,1566.312,549.470486886052,92.3491941853705,0.985775159494669,0.134367952769939,0.598808657693707,0.262069651741294,131.503030576843,524.976189936267
658.705882352941,87.4221764705883,27.8901667527647,16.7559380556507,0.753980939018227,0.730400986589534,0.892284595910653,0.695667366128978,18.4425475659983,29.8619781483272
176.842696629213,52.0054831460674,20.1165189161935,11.1423443938011,0.75395559582711,0.75038732051521,0.888166812165008,0.645646560130243,12.0794434261315,20.3497587064379
2283.85714285714,192.519571428571,57.2827910858131,28.6818205525697,0.789746933305161,0.644331937198793,0.858311191251785,0.641379441943832,31.0584931851444,58.5757360229452
431.354166666667,91.2104375,32.534626019243,17.9525690158606,0.794473014680681,0.617805799116853,0.821306743809237,0.574716584901695,19.5259891524426,33.8933241840545
869.3125,145.349375,51.1153906622443,21.6789294972928,0.869695952012946,0.473402867359687,0.755296638011867,0.496953716073729,24.3294672958005,50.6282649066316
1140.85714285714,151.9015,56.9010394861278,21.7621936524022,0.84197029770752,0.552277985728082,0.827786648977748,0.556966964625577,24.6323174792084,55.1782890562176
283,73.2399666666666,28.2635590807744,12.5188261325341,0.833536829631954,0.668411870446977,0.863617646553047,0.610918526720932,13.8308306259731,28.2271361368074
7476,763.701,229.17226983762,48.0098448593992,0.98249565266166,0.178306780009678,0.6574020958439,0.304335372808223,53.3374454705704,210.850507297741
9015,887.632,337.131882003352,50.8269691569575,0.988569955982987,0.142771304489461,0.638772762701056,0.261062203173868,57.149654835597,368.71669341108
1412.22222222222,124.271555555556,47.0536435269793,22.9670441981289,0.832384328511597,0.557557985277277,0.790467406665153,0.568385223938786,24.850332449924,45.8917520305881
551.235294117647,94.6313529411765,35.6397409773873,15.1681503187195,0.770085338951972,0.697922070054458,0.869003065156415,0.620876256402151,16.7152397502357,37.2012743242265
251.526315789474,69.8822631578947,29.3013104619776,12.797341267714,0.82940224915165,0.669451589193115,0.858357588345458,0.601042132117292,13.6315432305511,29.243153766574
9191.5,707.3375,136.457940062983,73.0978028664226,0.72055071633419,0.497097722130041,0.793069691096007,0.586222497932175,80.2394052225248,149.294241488371
8226.33333333333,531.965666666667,161.582812366242,50.408998337485,0.951818916835219,0.364937723936925,0.762417643922007,0.453742087216865,56.3170444826342,157.768946790588
1423.625,196.99325,71.7287590063542,23.4093873356219,0.91883077444947,0.411309543088974,0.754681223191804,0.507488216905735,25.4728202520777,70.8449935425024
573.727272727273,94.421,32.2346251891343,18.2703846127316,0.799559607264978,0.588223803302543,0.822789827957348,0.520790503496953,20.0150286310977,32.7743972707949
4040.5,416.41225,176.497165037713,34.4696884481662,0.957514384836593,0.341688489214184,0.715757771952386,0.401492592482557,42.1235495440867,168.247912009539
5964,611.97575,143.403410238207,44.4732231202806,0.905211221979299,0.273257085999409,0.617854632895327,0.447045273084569,54.44905413827,139.948745679778
741.65,126.16455,46.6273599488412,18.6066987635778,0.824454889949125,0.622756668373725,0.840923452321158,0.605963674304544,20.4490824919839,46.2072741068972
439.407407407407,98.9577407407407,40.2502163723661,15.3394913587451,0.810464443208715,0.644681606100472,0.848220462951846,0.585009973437146,16.8589506855691,39.6724042214822
1348.72727272727,195.389090909091,60.9570691815693,21.1618425811848,0.90849347944334,0.475952855078184,0.774348625939136,0.4228326400684,24.1501376291439,66.1378071192841
1044.16666666667,245.666583333333,91.2407722648351,25.8628470557246,0.926369463483566,0.340033162453518,0.651955481359742,0.34275920914913,28.2098138283304,89.7818127251026
2761.66666666667,317.732333333333,69.2532080821797,32.6803974885545,0.907540419132567,0.504672762253793,0.816974454585762,0.524541428006762,35.8844539713014,78.3114789540211
3608.83333333333,249.944,94.6213751013391,29.516227250464,0.921101936649121,0.471070329861023,0.795736376728773,0.548683824747745,33.9119149537488,91.1098738581426
1252,179.452,64.1409569812045,31.3248812390124,0.825510666040793,0.44945604878293,0.818071784323111,0.592287954688787,29.3835459690113,65.1992413844104
10986,677.084,172.959431582055,90.0199175808598,0.850795124743447,0.305002795183072,0.757502337785855,0.607790515006762,103.98351360774,170.262973867598
4621.5,439.1895,94.0907964401411,54.5097187284728,0.782005896999575,0.503867265890067,0.793838060684413,0.655554451217716,61.3269438417554,97.2820593940769
9065,732.6165,177.990037523573,80.5126313206118,0.866776262720046,0.176972275069964,0.48763647103752,0.313550258932548,110.095090883381,198.079041883423
3058,311.63425,97.2185012438131,26.154119668802,0.909195743015583,0.485623045680482,0.79482401246455,0.524503933372784,31.3949835113745,94.2419883459059
3476.85714285714,362.802714285714,106.998203706184,26.430587961554,0.871159153417745,0.366701122372028,0.733888204381263,0.411689064063675,31.0751684238966,103.507370149658
269.886363636364,73.8063863636364,33.2757317828763,10.9558005232855,0.881723644847303,0.616524812518622,0.860062409211884,0.564276200593401,12.5093626037658,32.2442085925401
1653.58333333333,198.50225,63.5113403582702,26.1615968846951,0.861299387580643,0.518915272118009,0.769447176885787,0.516573442334483,29.4031819215519,60.2337218013797
21565,1552.709,378.144912417771,120.383656380387,0.947972160670198,0.111949858050111,0.561369256800729,0.404718114255686,152.950289287586,359.884703759412
741.208333333333,123.25775,47.0645034478628,17.9763890883456,0.846091802477681,0.579861363870016,0.823920344252079,0.588239001774738,19.6372525575492,45.8672790104886
190.156862745098,53.9890588235294,22.0357340134563,10.1406451089899,0.755260841779844,0.767567470254065,0.914099659114625,0.650448307128955,11.1662785038625,22.2032477654081
728.95,139.2225,58.8298571814349,18.9520120274232,0.93681984672773,0.496822947315979,0.808208008292674,0.473691086391593,20.6432163774517,55.136056236027
261.287878787879,64.5596818181818,24.4720930521542,12.7316447734468,0.786776409525905,0.709088141460848,0.875507348463362,0.619549542287315,13.8875644714008,24.7095227939064
26939,1465.643,416.128967984758,94.618408359583,0.973806666886887,0.156918850446013,0.745819490586932,0.641404761904762,109.021372356245,380.591644679701
5493.33333333333,522.687666666667,123.753555941142,50.9320912145155,0.885850594825154,0.354547233325542,0.767025599582109,0.351397352109536,54.9603515729041,151.237282165741
739.1875,131.356375,51.809655120523,19.7491786937881,0.891425304246041,0.487137486402382,0.785151457527391,0.532427450497772,21.4156443295106,48.6701502121403
2786.25,257.8655,86.4388442055807,30.3968709195678,0.947596263304815,0.327883591177389,0.731138383084204,0.415110141752734,36.8888965919003,86.1555878482884
1280,201.396714285714,69.4153413242873,27.811653974965,0.879520151275812,0.41403264654668,0.723063478864089,0.42680570628135,30.3424061798313,71.8742959240251
569.666666666667,143.303296296296,70.1543616461996,11.4943729876484,0.925950809395097,0.39525205463814,0.809482469008799,0.460772028905932,13.2519270323682,65.8953554567341
348.703703703704,78.5155555555555,28.065380122167,14.0179719778348,0.815340381749681,0.66539871437737,0.865287882318405,0.621350315392261,15.456155017161,29.2545700461628
646.888888888889,131.179666666667,50.427238054432,18.5733184549715,0.83515385357734,0.530467933523591,0.787187288786952,0.534522999724801,21.3143820461854,49.372215746297
2454,360.990875,90.9631729139611,36.8482669110907,0.909607422738186,0.34364962678854,0.689444702426445,0.430169797142672,39.5796664316866,99.7543636292001
1223.25,130.742,45.7642441120628,21.5853725943796,0.885471133967518,0.567041828754416,0.849264492570907,0.536522628966238,22.7788376365415,45.0652586845203
320.085714285714,71.0888285714286,28.98589882372,12.4681580928271,0.845534166240786,0.67427795631701,0.876808333216296,0.632604826711196,13.5217478789614,29.4994499505142
369.407407407407,78.8742962962963,26.9087875194291,13.2070729098,0.800718367381124,0.735262026780756,0.898818182631058,0.662905861122189,14.2440445273353,27.5275847764761
810.8,152.7516,60.2493349852042,17.8821201734643,0.871783947449508,0.509041984295784,0.811401843430331,0.510018445619007,20.3208174758982,58.3782172732562
451.645161290323,90.6595483870967,35.2365701232,14.2202129961585,0.825883783520311,0.654693585393744,0.867163551391624,0.590484900820236,15.7554866885376,33.8654890431447
7288,806.587333333333,154.631497741283,70.70434553216,0.885144134157962,0.293632541073613,0.640914824515714,0.402317717210552,81.1794653134022,157.952986197942
3139.5,302.92725,86.861616468901,37.7149621501354,0.884505976439143,0.454119813655062,0.758238879517759,0.489731891951258,44.0540093970733,92.6209343362463
30283,1472.035,600.759807020531,80.6914849637602,0.990938589336556,0.174872184539657,0.664100877192982,0.182610321164538,97.7742786587052,586.662594682838
538.354838709677,106.532677419355,46.1448718282047,13.9347420425989,0.870702876805961,0.607215162537559,0.829152900964197,0.551577292235492,15.7194042253351,43.1186932576628
328.425,79.84595,29.3551934761462,14.6151594975689,0.816609167622102,0.635878803794373,0.831618785437318,0.580445375899315,16.041350982981,29.1915540136692
2604,502.367666666667,174.65831149693,44.4287414379547,0.888650474251932,0.179571755003136,0.494459436456103,0.241554035577783,55.6516743862954,162.808610773581
473.428571428571,106.366571428571,42.4712310566959,15.3400572057394,0.877067149410038,0.572478306821722,0.812812225566449,0.543872188997988,17.8989319872397,40.9309185891882
126.911111111111,43.3069333333333,18.7362301260863,8.55434553922319,0.797686373916977,0.73686029440803,0.904267547255925,0.641564935477418,9.4314537869111,18.9954566805019
2685.44444444444,261.608111111111,86.1250163807441,28.3166017357814,0.867865431382325,0.492237347627327,0.810501425222798,0.492745802073443,29.4131497190988,90.5628474373978
23880,1422.521,319.951109614859,124.303166197565,0.921445876940438,0.1476422576434,0.566064571184753,0.325021777003484,200.777687509724,352.865413436908
294.916666666667,64.5139166666667,25.0521716324153,12.2753743494226,0.796275538007186,0.714685374088393,0.886363065088369,0.617252688862652,13.4432352774551,25.486186764844
6460.5,437.415,121.848124292732,77.9370370686162,0.767637325273251,0.39882717133586,0.76781961289526,0.56702331002331,80.0657137129022,133.110141563856
409.566666666667,88.0590666666667,32.664298740135,17.1908774744468,0.773289157794938,0.674837250137983,0.864978485991159,0.608754371146297,18.4858540966092,32.517799703986
4160.25,454.693,126.468926558332,38.192387143361,0.949782696924643,0.284515489908743,0.72543940732763,0.553837244115546,41.8353503310994,135.974261201544
1881,274.413363636364,73.2320330415163,36.4769844525838,0.788149518892461,0.423820831711731,0.738121143068643,0.471958494651407,39.2084432157517,76.1671951994835
255.34375,66.107875,22.7283461952888,11.9990880531531,0.789299892858234,0.690946995587722,0.888209281123175,0.60969914944127,12.8059106805523,23.3466836030057
7588.5,1230.8755,452.331852213763,44.1094722902031,0.994888049820007,0.0627747694234952,0.448690394910411,0.226261117748573,58.2881969152605,438.551053148341
13319,903.696,236.783320501163,93.4547520062932,0.918816626766363,0.203527197342283,0.589179863752986,0.35055535084487,114.443059352289,247.523736235538
7141,502.442,120.12715711072,86.1295037844558,0.697087447659074,0.35106129763883,0.774176062445794,0.57533032549146,96.1665222413705,124.277914369368
507.909090909091,111.306181818182,46.7576537767421,12.0404210878152,0.920870316881255,0.510366529700621,0.864249550545621,0.621704308665977,12.5618741173369,47.8566279099883
910.571428571429,170.937428571429,59.2566398552224,22.8364752989992,0.906104892062676,0.434882946710632,0.738265057314511,0.424072383423939,25.9180650570002,58.1354877953592
511.36,121.03592,48.5705374016903,15.1614737817914,0.91425857648589,0.511973843846918,0.811258628911086,0.568463271798529,16.9504778494156,48.3719836597206
797.555555555556,167.265444444444,59.231066526483,22.6149035407436,0.861734976746533,0.486055271787822,0.735145404703587,0.515615955220431,25.6440103054461,57.6294463205545
1946,198.00325,67.0653717603734,23.621625312612,0.912836092490215,0.536491031735617,0.836388974266146,0.525096125676462,25.6619000171489,72.783502609157
258.568965517241,64.097,24.8750211761543,12.4983204190171,0.772046037504667,0.713710866402608,0.885430075992508,0.631516534469927,13.718652445658,25.2209987826333
58.4615384615385,24.4578076923077,10.4953303825986,6.65479596731029,0.656045261982451,0.881062684887471,0.960112750970036,0.739711834796676,6.87785411961914,10.8156435451143
241.769230769231,66.2979230769231,26.2889553883833,11.52306463561,0.820946231951615,0.654800702675461,0.845006496414137,0.578650119626272,13.4109907128052,26.2910143042608
2525.33333333333,305.859833333333,104.168390944103,34.0308056091807,0.862885002633812,0.470948124576076,0.741783633546461,0.478881169637555,38.8011975396414,106.815646416676
569.285714285714,100.500428571429,41.3376964411046,17.2721797010282,0.772323387732789,0.686120103372573,0.876962417465052,0.590764051176704,18.7068986054826,41.107327251094
410.428571428571,100.553321428571,39.2959812022551,13.656313530381,0.871786242760343,0.579493232232217,0.816228102571121,0.537135705298051,15.6931364560019,38.6119332025512
276.617647058824,78.7897941176471,34.8361214859138,11.9208559408782,0.811776234227976,0.653950846154113,0.85257239760613,0.566794402961993,13.4996398787759,33.1494441765483
3435.2,403.7318,101.66075076335,43.8606469887871,0.840343858639437,0.509345732893805,0.7471191767264,0.520027982471223,42.0079569262135,94.6811817313449
1123.42857142857,196.137071428571,71.382130131367,25.7125192542366,0.892130401453491,0.38086963519633,0.714682927710183,0.394918212099954,28.0871459176915,69.8683932263562
340.828571428571,79.6328285714285,30.4488434627234,13.472924372222,0.823097173094571,0.675298008703168,0.861845065839924,0.603088796251306,14.7603519734911,30.5550099869396
196.75,44.02825,18.1819893080291,9.54734996725583,0.766093715280116,0.764519843193288,0.934355536398848,0.704817656524317,10.4345539206996,18.4691595395857
166.762711864407,49.6074406779661,19.5751576824066,10.6999410690638,0.751035471050103,0.75444438477979,0.89554314713439,0.64596054827808,11.6112169354927,19.9723537149356
7393,458.459,134.834367091307,82.2093587889466,0.792627444942487,0.436011410247582,0.817990705908387,0.538024889018267,89.4170043444017,155.003225772885
413.814814814815,90.2508148148148,32.9640672481272,16.1740455103928,0.8374342176328,0.621646307907691,0.854888551310148,0.574911180000911,17.8834177938501,34.4722430584573
219.95652173913,57.820652173913,24.0688995426934,10.2035467935625,0.845812198582228,0.690384229097948,0.894815794131862,0.594522988133474,11.324046701952,24.2832294118906
1839.92307692308,270.852307692308,68.3969973413485,39.9173037192783,0.747347310751809,0.513194166196489,0.748565949696584,0.517925347368864,42.1625421193531,69.9555954058648
12646,632.718,222.586379343847,79.3621079229759,0.934278069657332,0.393043471073468,0.804811302742952,0.51356400259909,95.466406002242,216.390850083824
34459,1252.659,336.631982597431,140.001005467303,0.90941610773643,0.274581432697428,0.764311855384274,0.457167495854063,179.214232888056,351.140997321589
1460.6,350.3582,175.629472054058,17.5059640611734,0.959456393964313,0.286111037876124,0.740443786877846,0.399347354324297,20.2043461080175,159.309455468228
930.055555555556,163.777277777778,46.4715326861826,26.626581254037,0.762886587321814,0.470300755270841,0.743567512446158,0.484727600381464,28.5709629770235,50.6027678424527
384.090909090909,63.1077272727273,23.3526758711103,12.4618769119508,0.806842569533465,0.738395982835837,0.907277805180292,0.628933763553986,13.8323398367591,24.5503496272386
1659.3,228.4893,65.731321956084,32.7250822417649,0.815297381515757,0.384956370005487,0.720713176115908,0.428507772173116,36.0432727554803,67.0578119624661
542.92,116.6978,39.7012412702827,19.4889854684505,0.843247353398472,0.570753825031243,0.802308019428699,0.532950890811711,21.0420882257474,40.2011667393166
1457,316.3926,142.43899149216,26.0783584650688,0.969465431967819,0.232461455971287,0.620808466496383,0.283060751469692,24.8627491698647,131.885143097387
164.897959183673,51.1605306122449,21.9996076853735,9.58536197558444,0.822156546264789,0.721873322674657,0.886675635658219,0.615547065772949,10.9030170956936,21.6528850160797
991.5,192.634071428571,69.5234107681881,17.6594696906145,0.944612969011301,0.458479425232868,0.760470757667671,0.484205560843574,20.9770729077956,63.8144827139722
683.969696969697,122.077181818182,45.5677448814752,17.792297032148,0.895820214555168,0.558654948381792,0.81766966472331,0.559612153837147,20.0836985006211,44.3988672202249
4366.4,390.9794,87.0779646370254,40.8373645275397,0.824327492941676,0.524793142618424,0.767366138669441,0.543599712471811,46.0777886803727,90.9531324105642
253.285714285714,79.0458571428571,34.5881225074738,11.909474209301,0.875907528497023,0.571306085729785,0.796317145635029,0.563366860143314,13.3925535394635,32.925088517658
110.170212765957,38.7865957446809,15.6941978918372,8.67181443676029,0.768346423786106,0.763903859231792,0.912481732514618,0.681476081721392,9.30208901860452,16.0145654349962
291.958333333333,67.74075,28.3878346297363,9.84622524234155,0.865831448684827,0.6728262859158,0.883867295842087,0.60794704822762,11.1683565881654,27.7722918683149
5959.75,490.441,109.415842305955,77.4823890293886,0.704900643581121,0.255081594852658,0.652398825085509,0.488677705574422,79.0689496258126,124.495396338166
908.166666666667,173.473583333333,44.9491442718188,21.1921772664482,0.762879021474755,0.567073111211192,0.775774501908259,0.554390841041075,25.1661829679146,45.6617379525526
248.176470588235,59.7511470588235,22.7269248000739,12.9136826395661,0.766231654067913,0.728861919582051,0.880629375487436,0.658213032236033,13.9710267369898,22.973072234959
284.235294117647,67.3246470588235,28.6185106666885,10.8285822187529,0.866310923293909,0.643417609516353,0.864636325757721,0.595438700145729,12.2021016831046,28.8856847765039
269.214285714286,74.5467857142857,33.9076762366641,10.6263185455756,0.856646574403129,0.6310863056485,0.873433161187629,0.571387120675946,12.0035259060791,33.0649604404891
1035,202.3785,65.8025916182694,26.506679636828,0.920981821147145,0.421352513800276,0.73624665215162,0.420311588224934,31.6888073127665,66.7444429754954
234.903846153846,60.5754230769231,24.3056786107492,11.1816874893866,0.760614664871553,0.763938920906526,0.908107326648161,0.643699708441813,12.1139199114816,23.7134767018261
272.6875,64.3938125,28.5913789985006,10.9939239214035,0.849210096001418,0.689344144143871,0.903857949588715,0.635817671414282,12.0774720528533,28.1108838312389
389.666666666667,87.0351428571428,38.6090831973349,13.2724908997477,0.855485485007546,0.590796263441306,0.848722416188295,0.618909532671938,14.6375743838965,36.8581330171408
320.344827586207,79.6889655172414,31.4414155197644,13.2438440992799,0.827907901932331,0.640701585652471,0.863941352179239,0.591596244939704,14.2654420324801,31.0157222633537
806.8,149.318333333333,48.7989183008896,21.0112288325478,0.832444365458012,0.557463935701909,0.802723798960447,0.53396728594227,23.7379122286124,48.64271654007
267.88679245283,82.2464716981132,37.5215387624341,9.80496078509869,0.885720239095971,0.606969525260691,0.857864326990152,0.524989259431712,11.155475136256,35.9375822249306
562.441176470588,111.403882352941,37.8424163351959,16.999592204735,0.814855128850252,0.669386600234887,0.863325520995804,0.629287221630414,18.9158038980148,37.2109103055799
490.473684210526,116.073684210526,46.5988288371445,15.49933371101,0.872413958241003,0.574796580121328,0.80989966777302,0.576121149568912,17.7859642916588,44.6010418968472
4093.8,458.9876,123.383104565391,33.9132000414582,0.922300005100957,0.375642463078687,0.681176591905307,0.45433483190242,43.320329194773,127.641768511303
130.891891891892,40.1959459459459,16.4191763201181,9.0406478486249,0.760654518380892,0.77529991555341,0.915727996315136,0.695934213865879,9.62469333246764,16.7061281438577
9176,555.526,196.432451444271,71.3079386381229,0.931783271151574,0.369450543753919,0.747231270358306,0.527629233511586,77.2767171354733,187.32325002519
652.25,105.129625,39.3162564776106,16.6353261837773,0.869145876609641,0.624694069442412,0.883702039223806,0.647999644645332,18.7574294854469,39.8962686084447
222.113636363636,53.4157272727273,21.2426941967167,10.7801451543406,0.804743797116115,0.738475627094925,0.911294783692025,0.638238724498162,11.5186301077027,21.8205034180333
5463.5,428.66,101.577854711366,65.6555762555516,0.721927972518142,0.385696615577601,0.734665975196666,0.530716505716506,69.1725881003314,107.459172126854
128.6875,38.268375,17.2283820652826,7.91690643297563,0.775812675332514,0.796360842879221,0.925043805263359,0.709014047036565,8.36790650006553,16.9811418100942
185.032258064516,56.379,24.1486304022706,10.4125307323831,0.833209299840767,0.676631769913686,0.882053396413824,0.577864614005115,11.5427357692513,24.3255388167826
3928.75,480.815,122.46867922931,51.3844296797989,0.883603492261529,0.421822727904859,0.709501641036907,0.492769251705428,57.5873906179514,126.707937281176
664.148148148148,119.558222222222,40.2338489431904,16.3108606875456,0.807849541214226,0.631066289623764,0.847214322831806,0.590765204096129,18.2811396948635,41.1413440952392
556.791666666667,113.909458333333,38.956363362735,19.0652200043921,0.835074903239868,0.528049419668321,0.772480888733761,0.483266021347742,21.1406223728635,39.5886680252734
1717.7,251.6213,77.9854815546122,28.6994581570919,0.847480810039826,0.415730272719044,0.691681370817954,0.398603940567983,34.6659435172378,78.7026141712658
1275.64285714286,206.997214285714,60.4090681259495,22.9283926097906,0.770965961464085,0.508333248816206,0.772218725376764,0.502536067522525,25.7143267400412,58.749003281899
1645,179.682363636364,53.189837296505,28.3536343358029,0.827013576442819,0.603942130161854,0.834494817237816,0.604996167065232,30.5834856695029,55.2060406367385
215.294117647059,55.1050294117647,23.3351609284544,9.55005493629287,0.73145294636021,0.800321367908398,0.91791007628138,0.670865017902302,10.3354414371185,22.8602859042475
35.6279069767442,18.7809069767442,8.38894393861095,5.2504487594671,0.673420649437125,0.876649049072303,0.959163864203559,0.746278704749303,5.43908543163842,8.80063183064458
287,68.0361875,27.7284494420273,10.7678003761143,0.84178356322595,0.636855196432462,0.877912486736934,0.53519548048599,12.5686068260743,27.1533192830372
724.095238095238,116.636857142857,43.7398090023528,17.8718675630988,0.826039757772628,0.61166718382189,0.847279734202264,0.570772378978271,20.1734297569375,44.7909136193485
1269.78947368421,141.155526315789,54.6251764346882,16.6284118652926,0.911098350747543,0.530476397044447,0.792669578983621,0.477393895907659,18.7827798429409,54.3014408729831
164.619047619048,38.3804285714286,14.6951235033515,9.43669839875671,0.679825049475468,0.880783783123396,0.945482048649582,0.733789698055596,9.86815073631694,14.6375217011619
26952,1267.55,293.303819598796,135.948602907365,0.886092848363616,0.209758973493132,0.770101148637065,0.650009646922632,141.636464859409,293.342802877453
1848.08333333333,201.434166666667,53.4386065648565,27.5809226673051,0.815116109139753,0.620059020259036,0.86263063229695,0.620063414310744,31.172768208048,56.9821985514224
601.133333333333,128.976733333333,48.0580711670536,21.1877881495802,0.882112480022933,0.51359358256236,0.803081026195397,0.483763686997456,23.2513193195098,47.8893425363094
799.666666666667,163.789888888889,52.8036893830582,18.2344586285372,0.923466914631836,0.471546952291396,0.792190494082127,0.438293740890507,20.6819633865216,54.1547443079227
312.510204081633,73.6630408163265,28.7478517737196,13.1723110978993,0.824190224553749,0.682311345218879,0.873033228936317,0.605911481145823,14.6766338567376,28.4975315386517
25122,1214.463,404.193576808928,109.835282896353,0.962370899621835,0.212937190771597,0.696015958331025,0.492067222940416,129.927624675359,383.648276419952
162.388888888889,48.3521111111111,18.8029497561637,10.2986017776028,0.696679908522466,0.782518004508337,0.897109986460163,0.667402800827871,11.1237963047241,18.840578278008
522.888888888889,100.267888888889,38.3799430055993,18.1974919357055,0.819345016589791,0.5589736044681,0.835882209805606,0.486981376354074,19.733751625053,37.8092556729095
3819.5,344.0985,108.77595048156,46.7900119025254,0.913416228445393,0.333657084826771,0.687163338151048,0.376351928151711,52.6327651553963,107.014408343934
2334,243.64075,86.1751282460578,34.232799495408,0.864057924685625,0.382047093781768,0.740600450901506,0.430716506497956,39.7751153713994,89.5433687963615
525.407407407407,101.150962962963,37.2275856280736,16.2432741927124,0.849637090334833,0.620482763450273,0.845599724108888,0.56979277263431,18.355251592102,37.5358500000876
198.821428571429,56.9121071428571,25.5660627103031,9.30075192207043,0.886349186394115,0.64397723355289,0.892559271700308,0.601150183082868,10.175812829325,25.592897779762
1850.36363636364,229.838,92.169694085378,24.8682809314933,0.913893964096236,0.46390754216678,0.774667775687106,0.43081527740316,30.0382974182196,93.7174675778869
494.705882352941,96.4098235294118,34.0204418888496,16.8601436690941,0.837534951395201,0.645594773476642,0.85870450727266,0.569773405630604,17.4606090246496,34.6459554076736
996.2,204.9248,87.7448023797091,19.2883190058474,0.962200204134592,0.400312174331879,0.720036936327426,0.452590349484631,23.9489916002027,82.38378171391
900.666666666667,150.774666666667,46.7632663780903,24.5025639193318,0.82016433477051,0.557438801604915,0.775701877164848,0.542755200118147,26.8191125151921,45.0014893820117
1583,244.005333333333,75.695792203474,31.8986025103188,0.901646719628834,0.453744148821478,0.760871478939429,0.440037865446038,33.2607532456259,76.1043060448866
315.4,76.7837142857143,27.5351396908306,14.2599211769393,0.792832002811549,0.670032471916166,0.847740372372135,0.587647857169712,15.8781778843445,26.8743531445132
14296,1470.805,370.774095556419,67.2389529928779,0.983419079789817,0.082691507348349,0.623136605352628,0.276251207729469,78.0485008322872,399.586035792043
3348.5,495.9415,139.055409889355,48.3732832056807,0.945144030553517,0.210901863552576,0.549283469733071,0.320458734186741,58.1064683423941,132.429202133655
7673,470.563,106.032218410131,69.0626518879814,0.800158199563096,0.315604487935731,0.699501883863268,0.48882730443306,77.3026483028197,108.515332229889
359.705882352941,93.1621176470588,36.6783051303296,14.6370604555565,0.824263915257879,0.642820502225169,0.841027993888281,0.51804187357319,17.0965591088346,35.0046210878642
540.888888888889,91.3648333333333,33.6766489684018,13.6222265079826,0.853814370660388,0.664172865664211,0.85954302310299,0.609062378370392,15.3955705654377,34.3033461335402
1752.88888888889,151.906,42.852613530702,27.4467476082794,0.793820860959823,0.578306639396663,0.837806903277144,0.596939060307741,29.2146461769953,45.6979895655968
17968,1881.941,327.760406482437,140.199819664757,0.90389664195636,0.0635402379438384,0.527849588719154,0.375671663635033,127.658727867728,324.001543206201
133.452830188679,42.6045660377358,17.1857410438455,9.50873250886996,0.723892984648082,0.791062115251517,0.913888521125127,0.67878006501113,10.1117844756553,17.3980693045927
174.857142857143,50.5054761904762,20.8488467963867,10.5440761778783,0.831024862542058,0.708659156086113,0.891088645578404,0.668446972627844,11.3705104077685,20.8566412805737
1316.55555555556,205.395777777778,61.5253414972415,32.4793558508081,0.788186153673188,0.437978056613933,0.735403258384567,0.506437090966567,36.2676391431925,64.2519233929035
137.917808219178,43.9285205479452,18.3294000920766,9.23393888454778,0.771449759456101,0.771016895872471,0.910364483992761,0.66124735167223,10.067297396636,18.5434349535783
807.315789473684,150.178473684211,50.7960612596346,21.3279150516309,0.816728545772378,0.566038235090037,0.778096467920623,0.541239340642444,24.2677362827572,50.0819888061393
9114,640.5615,275.416221203475,46.1825876620063,0.985893454742829,0.23557703325708,0.725677817681162,0.340838237467045,55.5523474901016,270.114409056648
3007.125,273.364,75.7902411152797,31.7403906407736,0.792214835903176,0.527731423762563,0.784432315974755,0.508466117225241,39.4051174955741,72.9780801827128
253.085714285714,69.8182285714286,29.6673440325332,11.3640646289607,0.858154592596332,0.649616656095654,0.869959812751804,0.566726920545917,12.6471447434842,29.7960079430393
316.106382978723,79.6656595744681,32.826851060492,13.2242960916381,0.846261289080535,0.601347783011585,0.84325140385608,0.592707429988657,14.7615156710719,32.6905738269974
767.434782608696,131.892869565217,34.2402694900092,19.6001830967331,0.835324668189415,0.638758956730849,0.85452366524263,0.580474615133124,20.8512729120541,36.4095225293168
4163,760.670666666667,204.812523930607,72.2292725911449,0.952411030430905,0.31373804919213,0.624503264398404,0.281984772228675,84.0842087866478,212.319650806215
317.576923076923,75.9735,29.0438495560291,13.981373219605,0.83088613516831,0.607488959688458,0.842093410316503,0.532670329014721,15.8891970791265,29.4524856383446
23104,1706.779,476.353071574721,106.58488694897,0.974646142992332,0.0992990639872475,0.555611668229805,0.375674796747967,118.564216171665,501.518693569841
537.457142857143,101.319228571429,36.8347499494182,14.2188810193316,0.87339914092489,0.607898527940505,0.834898861600234,0.547614828291576,16.4675292345405,35.6808390429915
380.711111111111,86.8336,33.357333449193,14.2875118713385,0.789499308119506,0.676634583884433,0.85288500562706,0.61958982929491,15.783130560604,32.7945611922855
196.5,67.379,32.3913907407922,8.7359095341492,0.932952724247533,0.5330900210737,0.83123338599004,0.428807986058308,10.6663740110569,30.4889432419434
1544.46153846154,191.048769230769,57.1906815259071,20.7428360322788,0.866750959610258,0.570986906205954,0.802113667950408,0.535674602961875,24.7031521861398,58.1372242193444
9897,679.755,150.781123888753,78.9115180652775,0.863680506538214,0.261687770331624,0.645870638368328,0.41617117713227,105.680707202205,161.696209465594
1091.57142857143,181.161857142857,60.1074656963468,24.9217271590835,0.883891418499351,0.40905248897857,0.696626689238864,0.403587659329243,29.1390804780483,57.4746039042698
2868,208.854857142857,64.0271696896348,28.8270896118241,0.811259383169294,0.457382074792626,0.798781449882223,0.517928051565464,34.7023816851533,65.9022790784602
2245.33333333333,363.4665,92.5257722741751,35.9537734866566,0.945977229552135,0.326982175250766,0.758705434376994,0.489687282511665,42.7154413022939,96.9296106213201
1728,266.740833333333,104.265129096845,23.0704405464271,0.963710128831727,0.358923371944892,0.760103509844101,0.281679095315453,24.9777777699492,113.042945962011
1176.88888888889,180.726444444444,63.7278633664306,24.3259526654146,0.877468680341519,0.499230479047447,0.75234594990206,0.472979913889882,28.7991661515039,64.3673066154574
11825,826.126,274.601617942625,69.1555431783753,0.967769006375749,0.216083510106789,0.720158343483557,0.444682611311673,82.5282916272894,278.619812647988
21375,1968.754,363.122598559189,135.46006708269,0.927814360828084,0.0690793360587088,0.612341364196293,0.384110839562967,127.317911170027,385.933932169743
864.25,194.4305,69.05919313077,26.6402004255243,0.865443458323374,0.430467349674334,0.681514316131643,0.405660787288357,29.1349802625642,65.7411686681961
11892.5,944.519,317.495241320666,47.6422075918531,0.84499525348038,0.466001891949235,0.781306125744738,0.530051493960585,55.4371841388024,279.343935960574
2499.3,358.6451,125.2453974218,24.6152880079404,0.926825196524866,0.373860597776927,0.698695348583728,0.386439125476347,30.0176097099632,116.790385346515
1413.5,214.2015,71.3199453173455,31.292015184397,0.900134826182746,0.419051607503406,0.76793451556707,0.515949256928638,32.0577108960765,75.0349424412058
371.777777777778,60.9017777777778,21.5686593956512,14.4943688727579,0.656117011384526,0.825005723573713,0.936463365188716,0.673919820432978,15.4207093454722,22.3162475808096
541.454545454545,122.684878787879,47.3410056741076,17.5810807263004,0.86417029653054,0.577093619374815,0.801281262765561,0.508897812075492,19.3242374237023,44.7007780754062
784.75,143.108,50.7274328177356,15.5544921691048,0.918156496130627,0.45199428641163,0.790968976129776,0.434363590044506,17.9394695685172,48.7034079146469
17504,1065.464,260.052464737007,124.947583281162,0.877010792644506,0.192624836511396,0.655040790360003,0.426906004585142,150.818054106379,261.480400795165
402.611111111111,89.1974444444444,32.3703978893734,15.2878549045662,0.791179299802774,0.649578843986002,0.848838716450007,0.584983923392469,16.5085915218505,32.7840391265076
1286.71428571429,200.618714285714,84.2092116186822,20.9176374668384,0.919410570394682,0.367874313475179,0.724513893586244,0.50321597870463,24.9378505910014,82.9752441492843
1155.89473684211,187.070263157895,55.8214343356063,25.1967262662581,0.8759160391474,0.461623436541219,0.75585629493943,0.492660655967093,28.704298062965,55.6976925836523
4144,411.283,97.8025282054029,48.4790085615798,0.839969088759115,0.390982847809451,0.732610957926788,0.519697122202275,56.7978757257887,98.9225884059344
9721.5,651.8485,187.170743009589,69.5678473582751,0.914189432611489,0.201341206385706,0.632649186498246,0.355166624128388,85.8606171147287,181.088291494174
2349.5,258.37625,110.211137795762,26.4834733438975,0.952079910699594,0.297131732898573,0.793501910335045,0.371540464875441,32.6718744226009,108.953108848212
784.214285714286,130.000214285714,42.2688200922992,19.6741552386078,0.821167347909739,0.63126658076508,0.861310672725722,0.604878818276458,21.0433205040795,44.4948534498618
11618,825.322,188.189759606613,95.194937541752,0.862624112637959,0.212713170339485,0.795480999657652,0.536752136752137,96.6644230272799,198.116127561589
457.333333333333,102.797545454545,36.4805693959168,17.3943940721708,0.852561154043063,0.581493846244661,0.823660328086367,0.562168826098401,18.47528219501,36.0210844686716
127.5,40.0971129032258,15.9235525333154,9.42351097749972,0.72037039951736,0.806561484952244,0.924212641585397,0.682465178343446,9.97309953080221,16.411459780672
757.869565217391,152.01447826087,51.7515666308079,20.9208249697768,0.857680728410918,0.507397740314941,0.760121100420616,0.496513293360632,23.4612345173413,51.8918941334396
1354.23076923077,187.716153846154,67.5802110348475,14.6611777140206,0.95696794752763,0.46825370333422,0.813145197750489,0.519271970343764,17.4809337197907,64.2413533504611
2741,306.329,98.2529232593869,38.096022462428,0.914966331240612,0.392100828729272,0.744306164183465,0.455742274609748,44.4046567236651,100.40209051091
1670.66666666667,235.769,78.5173483836963,27.5674386449174,0.882698545738961,0.449724916610016,0.789053440405787,0.421464539491371,30.5232752353387,78.7701282572839
453,76.31575,26.6415480654593,14.311591536529,0.755102741263846,0.716789864965161,0.875647761643043,0.654647967452604,15.93841450818,27.0022540366395
1354.85714285714,274.363142857143,99.4767181397097,24.1393385728034,0.959435990273772,0.275091261548986,0.688591178184347,0.301286771685915,27.7659665762007,99.6738886330502
831.083333333333,144.874166666667,47.5826022695974,18.048768646005,0.849908267673705,0.631472980396486,0.853761103627927,0.543245165056506,19.7176248899189,47.1228122157322
211.833333333333,51.073,19.4683227662749,10.7130304259327,0.704551811595492,0.786851801213059,0.897674306039443,0.685040411641157,11.4984765714057,19.7577900450315
931.833333333333,127.296916666667,53.4497342544778,16.4746172147109,0.928200583049063,0.509409440722661,0.824331005660146,0.51075138137907,19.8344660043153,51.4733372892081
251.358490566038,65.1390566037736,24.6637898522166,12.8093140239409,0.764124126154552,0.704861251917074,0.876606586421347,0.625490913881906,13.8573172228509,24.6171147108394
1390.85714285714,212.754285714286,87.8574930958096,20.2110241759211,0.908770794916975,0.472542502533932,0.739067976437362,0.492111413538468,26.5650101325344,83.9195617540618
417.69696969697,90.4477878787879,36.9717617151491,13.7790393865966,0.879425111302813,0.594066789634204,0.835886779656282,0.524722902097564,15.7540530722382,36.6874899635594
136.797101449275,43.8986376811594,18.6334689227309,8.40113709507601,0.797114305664352,0.763357220004541,0.920062016584034,0.671887065848429,9.11385943428117,18.3070309335162
4504.66666666667,395.395666666667,86.5210602722331,52.00798402299,0.805536575473922,0.402607675363844,0.759351830431771,0.57658214237233,58.2280516202181,99.6735187717195
1703.16666666667,227.975833333333,61.8778709381298,34.1616460355805,0.860090141586377,0.478497090686378,0.791290699474914,0.578238628121073,35.0928388370412,67.8028596920571
811.967741935484,128.33035483871,44.7082332359665,18.6629726297121,0.829413351111935,0.631042510273796,0.842438483604108,0.573965472811607,19.9763819261935,43.3221615875759
936.769230769231,161.257384615385,45.4342413742046,25.2814466005253,0.817972127640755,0.502991511125189,0.784376691835878,0.510127191920607,26.6410582424859,48.1494699937428
75.3947368421053,29.3018947368421,12.7723659799794,7.25360426102653,0.75921468388461,0.833807090630631,0.951042072492887,0.709601941024397,7.59405737132558,13.1247180209167
766.636363636364,192.019090909091,86.6485517965953,19.9474960166198,0.90488961742781,0.336519458953431,0.70731099309704,0.41106985713184,20.9803833787271,79.4049759703693
389.083333333333,92.601,43.6484252409879,10.2166182923484,0.935801181617019,0.542705185651256,0.820945682368525,0.50515667857148,12.3977900781837,41.2317268397299
1022,169.815294117647,54.3862655217118,25.9265948003005,0.87760142720387,0.500845876681868,0.770930478552486,0.494228223978602,29.2531020099085,56.9482714732567
1870.42857142857,238.893714285714,83.6591441377067,24.2635020431143,0.918462778721741,0.403611188011138,0.741623163187501,0.403527957063588,29.9174409810178,85.3486906452625
2178.66666666667,192.519333333333,54.7453580241762,44.0433212999832,0.611069821157338,0.483320741155582,0.754490670599545,0.470184440469691,45.1631479876913,64.4751463289014
1038.55555555556,180.749111111111,54.8602477378273,24.3600932146898,0.90533748864445,0.427433280715037,0.761922707746203,0.509653141883534,26.8578415343034,56.438054890365
525.535714285714,140.87075,59.5175121923387,15.0759261732038,0.928473162898379,0.447868318044993,0.761878860466088,0.460259552590983,17.8395288173145,54.7982369792802
344.736842105263,78.0105789473684,31.2089168769536,13.7546118849425,0.814211292274591,0.637628188050966,0.846443427846086,0.551208532182134,15.4905103472241,30.8374884159033
2352.1,244.2323,70.4798813289573,30.6028427851196,0.87191662255736,0.531261735038664,0.842593747268818,0.542777807442492,34.2787801063357,70.5592515944881
438.789473684211,99.2458947368421,38.0385757412546,15.4285581966571,0.845114322752918,0.64924734298402,0.844526240252277,0.580002768046161,17.2042606392272,37.0701704241621
1387.16666666667,154.450583333333,55.657877427433,22.0605079485292,0.863925664544097,0.554342912476946,0.817403429833906,0.575365215326509,25.101837384005,54.3258969940058
2300.625,247.819,70.5935927877543,20.7466871895015,0.879350271897463,0.611729380114119,0.827226156116918,0.554777863736385,25.6041710220716,68.6772746056725
6507,532.388,164.867733733591,39.1723967552532,0.869158377722795,0.298119737351725,0.694816624818402,0.478633506592161,46.1105976292036,155.58844166766
3481.57142857143,430.302571428571,118.13347884613,45.1184024390035,0.891608680231352,0.320860438459293,0.626973085241405,0.392762865992967,48.4468370466186,130.225953713819
4577,385.198,127.093606227544,45.5837130692182,0.937923219402936,0.315165017410698,0.700490905949258,0.354425353925354,52.680957459266,139.722518627102
207.241379310345,61.3875517241379,21.7834681418111,11.6565893199069,0.746296206793882,0.693539530355762,0.86271432542721,0.627577252948419,12.578453744719,22.0658253332248
971.933333333333,179.617466666667,56.8010506897495,21.9816954195361,0.867030339845498,0.509711523621406,0.803853619915151,0.46505650924686,25.1264984447032,57.1059525922093
542.192307692308,142.395346153846,56.7077419735288,16.0666570627914,0.896480692085491,0.463315803436984,0.774243841687451,0.452651930594918,18.0999305667637,54.5068782749266
4422.5,575.53725,118.462547085523,47.5054369375667,0.928060265067829,0.245456016571372,0.609440964357481,0.33024539614787,56.4722831947188,125.33197698879
325.047619047619,77.5539047619047,33.861022906038,12.2743553406188,0.864540831893217,0.626829464876428,0.855009431633252,0.546276779445014,13.9996884728981,33.0947582641574
608.263157894737,122.787263157895,51.8515102887332,15.4392548791695,0.898207911358987,0.52557436643742,0.819582891813799,0.513680287451198,17.4007660513055,49.9560136126325
7609,901.338,205.25676083228,80.0259055457485,0.920864847528025,0.116879919301676,0.512390572390572,0.326847079037801,102.632087931168,204.84140206511
187.8,57.3622888888889,23.7878391746693,10.7010483930892,0.794548150725809,0.704356577410778,0.87454173631889,0.612872686474324,11.7795123523431,23.723855180035
401.411764705882,80.0916470588235,27.1243490401114,14.4247734402116,0.754647510015862,0.742229806595755,0.900324623237583,0.635651490189168,15.1532468328186,27.6816446842633
21128,827.877,294.354520805471,100.226966388618,0.940245436252299,0.3844561134102,0.833616097849674,0.618501170960187,119.109662767997,283.423711075838
888.5,136.7946,59.9925320034726,16.9312849684586,0.849821292161925,0.627647707028025,0.841630572401262,0.558907272319834,19.8020914294861,57.8792944091579
353.548387096774,82.3724838709678,32.7457474006949,13.129580840392,0.804804788203102,0.658983329081929,0.863395944721918,0.561992597727184,14.6387098512839,33.011280416758
42.9268292682927,18.8922926829268,8.20132366941905,5.39714870285121,0.5955449912711,0.891379415595168,0.95922284004222,0.745432523351354,5.56192874117819,8.65126886890902
24896,1628.88,329.236542239947,139.92685726132,0.905191457383302,0.117459362238195,0.54706864727081,0.345633763709565,183.958978581091,351.973010328917
352.468085106383,91.7006382978723,37.2536042878318,13.8379901419458,0.831311481391635,0.591647421903126,0.813846934304138,0.553432752824064,15.5356556128138,35.9579556124922
18006,894.271,264.070858182617,93.3095548476051,0.935491028335465,0.280958898227536,0.819646758922069,0.512874558505184,113.174013055779,270.275785078871
172.266666666667,51.95888,20.5400922726243,10.8632637167159,0.755659765081244,0.72950224645358,0.879886346738459,0.634760182406092,11.9653895035096,20.7026287105867
1187.2,144.3387,55.2160153027051,17.4738641734725,0.884899395274168,0.523090123780442,0.80678627778214,0.53727704200651,19.8347404838327,54.8036213344034
46.8333333333333,21.7218777777778,9.32475059234173,6.21978967315098,0.642975161921252,0.89426894061476,0.962639778316751,0.751135037542535,6.42200277863258,9.85665481376844
188.672727272727,51.9018727272727,21.2741084906217,10.5567391603373,0.746546128172803,0.795237770412974,0.910855035626434,0.674712629886868,11.4716220847456,21.5165476505928
1051.94117647059,215.389705882353,69.6075921673153,20.6689291817319,0.893950524693013,0.435649693135243,0.769021918772501,0.452087067773463,22.0230942858155,67.6989309383822
1789.7,228.17445,70.611853706808,30.6283637925318,0.824706588045074,0.477314893372929,0.757606807147974,0.475153517983161,34.7182009706546,71.6543498747204
7435.5,453.8905,127.795531441322,56.8243217449781,0.919446945090305,0.400569030081845,0.865039832237378,0.491391482943423,58.4266057064673,139.360011551704
680.666666666667,99.8765,38.9560919676528,15.2514786056996,0.868998942298264,0.617686734457601,0.864819721030317,0.559190726294539,16.7361009760281,39.8440004254276
725.1875,195.33325,101.056108839001,14.5892642751771,0.904269703962421,0.477114563161923,0.754260541555131,0.45810253662013,16.982139189027,90.6069914004035
728.466666666667,126.122333333333,47.2102420694453,17.7993438037661,0.852647927579201,0.561019176347214,0.807611960887778,0.577494094158959,19.9963276073388,46.9950585985052
328.227272727273,79.7700454545455,29.9276368988632,13.6609992072976,0.827057700891231,0.680431694877726,0.877251872031004,0.6224558050464,15.0463391323953,29.9504945409526
63.5810810810811,27.0421486486487,12.4082812261864,6.05129445403651,0.765999830409143,0.805075892518715,0.942988429503309,0.672028819651515,6.51223648870972,12.6957318643406
19191,718.223,254.773774929485,100.091644548662,0.919596248347559,0.463444599951828,0.883360184119678,0.609238095238095,108.38614872643,261.946559435317
1477.83333333333,274.706833333333,95.6342176087195,25.2616571714522,0.918781036334806,0.382163175174197,0.659761557859311,0.440340323941942,30.6008718305964,90.4347436569553
744.038461538462,121.774538461538,48.0249578484108,16.9932243990575,0.852085815181747,0.604138060145308,0.846630223932256,0.548529521750131,19.1859465337464,47.9700066585487
430.612903225806,90.9301290322581,36.3411376772537,13.9115515124399,0.866550272050809,0.573358399590613,0.837085128739855,0.551791141681215,15.6293476290342,36.043758403482
567.76,103.53508,32.1650214883909,15.4549863290675,0.773275401139411,0.719261307986633,0.88486174685145,0.613844446928202,17.0077544269103,31.3017238146502
377.904761904762,86.8184761904762,36.664224998173,13.2204229263713,0.867241938522791,0.611718724480493,0.884194765649845,0.548411859734837,14.0415045948119,36.765868906323
1479,218.436,76.6338054983006,27.9584859865275,0.811831330746133,0.583755395298271,0.805046127002749,0.581921043754994,29.6476149772765,74.3750388873027
814.793103448276,141.372137931034,46.1239813749759,20.4352959267213,0.780394842326663,0.606423104553389,0.823434135357517,0.567977237039104,22.8647179511764,46.7023588304848
639.571428571429,105.787571428571,36.6732355734225,16.7153746937377,0.819978551224027,0.647025204290754,0.847983591216734,0.565992937528619,19.4910554346109,37.142454985985
933.923076923077,126.047615384615,49.5452223527696,19.3689235616358,0.878405510251007,0.528089431530504,0.808562149170807,0.545617916484332,21.5436168672268,49.9637348605913
0,0,0,0,0,0,0,0,0,0
580.681818181818,105.930772727273,36.2417689730945,18.6504815641572,0.789741102208013,0.627311361422917,0.844118066276716,0.578538290891497,20.7866203918611,37.3113451157581
764.125,148.11675,50.527403835399,22.2747355939184,0.875498074590916,0.495844665548784,0.775147226580994,0.47999357960137,24.4621188240644,49.5950305230202
549.266666666667,109.491266666667,41.7985713986977,17.8320211341387,0.79218201427397,0.624371550297458,0.832231837138956,0.537319975735033,19.2054913560201,42.7382935880713
6760.33333333333,441.168333333333,162.040809379737,69.6001228816053,0.790434930642733,0.479036801369894,0.806358228223276,0.494893828888385,72.894572780262,162.348770088539
891,190.627666666667,69.4175070272434,26.7210685355304,0.835657669981927,0.462739053273253,0.71277018398254,0.445370854872429,30.1729447609942,67.3782449243262
841.72,146.92392,54.6260341673805,21.3971524122755,0.861839212941443,0.510225548323636,0.760521919335251,0.54241945205045,24.0031042455278,53.8434220803821
1201.375,158.685625,51.9261454895109,23.5531864825551,0.798882052876897,0.560746535865521,0.811622599917877,0.55121922932632,26.548330435967,51.31797630441
119.756097560976,37.1982926829268,14.9778632934487,9.8156495305616,0.684810596492425,0.877352593878993,0.949913477303284,0.72482870392856,10.3181309318188,15.5996991095411
22395,823.984,304.42535086446,107.701260419682,0.935326602746213,0.411356167527503,0.833612506979341,0.522027972027972,117.128801151172,332.296554300522
9081.33333333333,573.304,208.728005810357,50.6468791677422,0.95317007066303,0.233436195677053,0.676742071700829,0.430672654849693,58.3968167803318,200.918448716101
1199.57142857143,174.084714285714,52.0579941324403,18.4596117412655,0.933020907967784,0.467171804484387,0.825222762538403,0.586348793482759,18.2156167191554,52.6599970822754
2781.8,201.808,78.024445680474,31.1763858563464,0.926929714015293,0.534072157188181,0.837222375156448,0.49906060180745,35.3152038915114,77.6339080472052
1055.66666666667,115.716333333333,52.3797980094108,15.4406277051306,0.87082895851586,0.557291484236656,0.872909274302337,0.530158700966269,16.8430394626746,51.6384511355578
475.411764705882,108.544882352941,35.6307173763338,18.0147889412708,0.808279986077655,0.579519361815726,0.79237378068759,0.553949362471162,20.1499339149317,35.2593159614535
8075,539.219,186.167297891559,61.0825864890959,0.944640951166041,0.344965879932178,0.762944066515495,0.425358196375896,73.7967509438553,189.16923639958
3888.28571428571,394.626,132.70643377366,41.2618989763184,0.924243925216868,0.30577294486149,0.713986890599686,0.380098985672481,49.4008863859981,133.39919245721
722.1,116.623,42.2428827432158,17.9525766950811,0.872325738059547,0.548301409841788,0.824438940217121,0.524810875070804,20.0247004919595,41.1820823123962
766.619047619048,169.708666666667,69.2327194996556,17.5154131615931,0.920779482853711,0.387428424008642,0.748923453974771,0.512812688299532,19.6462070316715,67.0200101535885
502,104.708307692308,33.524668208493,16.2730936450237,0.773242274507952,0.620912943663923,0.833900196648333,0.573716149172922,18.3346051470204,33.9611908090524
360.617021276596,74.8805957446808,28.5156628585316,13.0992123547084,0.820784590896255,0.662702977324957,0.867989680652667,0.581396480842012,14.468117794564,29.2449745646671
409.875,90.2617083333333,34.0636315662586,15.3572617835039,0.837833432416547,0.620293836380399,0.867562503232131,0.530068728332512,17.0733483834875,35.3496475755699
206.21875,59.46559375,25.7593949686461,10.5732378647105,0.832702566708427,0.688283254995971,0.87317223778436,0.596023575753655,11.7747902558933,24.7716759285547
836.176470588235,152.154529411765,49.093306692657,15.2191439558991,0.823133923804369,0.668725619835347,0.856045279824752,0.609795124763369,18.7642483129793,47.8269836262926
1254.61538461538,164.168307692308,47.559603566529,21.778843503708,0.864701661870249,0.556709700453432,0.825956823898835,0.575647944853922,24.2405961839348,48.6392011497941
82.9387755102041,31.145693877551,13.2532939108219,7.41868547989168,0.751168165691157,0.817814926510539,0.927671510276581,0.682807351083861,8.03563316927559,13.7661396640791
1510.27272727273,270.959818181818,91.4827856017246,23.9210403377204,0.911445218888899,0.390097980176261,0.741441022379433,0.486363963931946,28.6037845398103,87.3198622903855
130,41.5107674418605,16.543840451844,10.2581837050905,0.696441166936852,0.808687187859689,0.915526451622937,0.678779803884711,10.9872468157531,16.9204131400291
163.782608695652,45.1074130434783,17.852355504579,10.3888123919357,0.74527316234434,0.779071492966853,0.919015016898342,0.667593173576252,11.1242158570249,18.5561685997454
114.022222222222,39.3521888888889,16.836447260013,8.57684605864235,0.761659874889896,0.780254668334834,0.919196253767914,0.675685034189967,9.18641009604253,17.0651736896865
1299.15384615385,317.491692307692,141.936521026043,24.3927579871627,0.948851306530113,0.304461148491998,0.61546865719925,0.380995510426291,29.965122682906,127.530362765156
491.108108108108,114.629297297297,44.1396740831632,14.6411443433708,0.860159954849383,0.583273248868661,0.827717109031752,0.538365843098602,16.7760496598669,42.3244085908936
566.65,139.28025,54.2616930259648,16.9643991119392,0.910051278802265,0.482246876021403,0.785450106275903,0.482959787532224,19.1419238649533,53.3130111263464
1826.18181818182,254.870636363636,89.5071846048511,31.5406015639244,0.925362749834014,0.381012987151039,0.741893441616739,0.448037992846309,33.9397010409074,89.8140393789526
5109.33333333333,634.887333333333,157.411248414525,66.1986086538917,0.841612476442513,0.344863265001499,0.5898133378224,0.363207012657194,79.5956896395687,167.939841043894
22459,1608.351,440.07293717334,124.583795518321,0.959090969337307,0.108678504107768,0.53714244714436,0.220781518800688,133.818154989107,445.701693961331
3572.66666666667,285.888666666667,80.779966144703,35.8839391444259,0.822622931691507,0.671035962517495,0.877692935309898,0.628982806478562,44.6475928758065,82.737616137048
105.130434782609,37.8299565217391,16.9797934071589,7.72511127117315,0.759709220533132,0.761794162294452,0.903065728961897,0.662544178034795,8.35532977032206,16.828320788165
5359.5,493.74425,114.499025305974,44.9691281636356,0.922753183818362,0.309212784346521,0.67208742910752,0.442734410751299,53.1010319941299,125.131264053342
730.777777777778,118.052555555556,39.6374997965878,21.9089961316366,0.790556809618702,0.569566926928143,0.795649887879456,0.544017538776073,22.7325412673763,42.000915044761
213.928571428571,57.4817857142857,23.4269647870428,11.0856941597623,0.803598414190396,0.74693190663398,0.903306303561177,0.636662913385001,12.0944741479502,23.581542002931
103.418181818182,34.9912727272727,14.5213648917484,8.45408366836261,0.729894812117263,0.809918209745749,0.932389255912789,0.693996372094984,8.95664989449331,15.0803693968963
1262,131.2022,37.5584397170647,24.5012617967575,0.708385599250122,0.692978024382665,0.888844169905429,0.66214544402272,26.564007549318,40.2489450021492
109.910256410256,36.8217435897436,14.9833776143797,8.9505888621668,0.736489505005986,0.821119698565006,0.930401212775878,0.691551455019229,9.51820554092232,15.357809949648
519.238095238095,103.069571428571,33.1480062051711,15.9136345159878,0.830294600865431,0.679396191452513,0.86291143658594,0.592306080183473,17.7715539630094,32.9400036916238
4631.4,430.717,103.256210568945,64.7749517067694,0.792922294470506,0.37039727077213,0.696898753281545,0.464566849613381,72.5125234170278,110.660682793687
193.4,52.8389142857143,21.2604544495488,11.2514896459252,0.789402768141548,0.749215715731144,0.90340877581476,0.674441258967147,12.0761969370515,21.461810102271
9970.5,700.6265,221.238262717723,51.3460622782094,0.978118253427142,0.258921810224309,0.730351651549274,0.25331214288178,63.9763678906412,232.583290888617
7285,820.025,324.171755171586,40.771346965015,0.992059323441606,0.13510267457614,0.720787572969229,0.47112462006079,46.3957855105359,329.548175537356
8694,619.323,122.98668421049,96.2489971654123,0.610194981564285,0.420176151481808,0.752900647365884,0.538456082480824,109.973943989755,143.940141677218
9702.5,648.0765,219.413003713169,44.6842701311585,0.983886308506796,0.222241191385618,0.832161309560066,0.598650835224136,49.4854081344679,225.458106656405
550.166666666667,119.45525,50.2508342596071,14.2517499302408,0.840802314610036,0.594700047892304,0.836869594512035,0.551856169808098,16.0422940859308,49.3128652229919
401.5,79.1396785714286,30.3445508063532,13.7312943054922,0.849408469125976,0.676818702012691,0.890005906567581,0.633356314941616,14.915432511007,31.3703083768942
129.757142857143,45.0879142857143,17.5927154953767,9.65808540547854,0.718427815301266,0.749450213807825,0.884343138619184,0.663189730890296,10.2492054041857,17.754762099413
9881,615.931,197.10894427349,72.4748790726758,0.929948637960244,0.323987017769067,0.740871260403389,0.580893592004703,86.9400758903968,189.5943037119
4222.33333333333,403.3095,125.565509763593,35.2135048377084,0.940442114065943,0.384863808825857,0.723723739779083,0.475196793633253,43.0313106965558,117.405951536588
8656,585.661,208.049277084459,61.274211654885,0.808195989539302,0.258642623401324,0.686741980394081,0.510475956978734,75.6709738017769,199.453828058755
1473.09090909091,220.78,68.7992965984646,19.6934175289043,0.892715394773394,0.498857841679288,0.791546850720629,0.519009263473909,21.8592706560129,68.1068318189976
14575,1007.598,287.152067636012,87.406023218379,0.952547710389405,0.179283313852258,0.740486714423614,0.498733917328223,92.380161202852,282.816194727247
8020.33333333333,650.9695,121.324296397467,73.8380221930738,0.773328704075944,0.369179986736072,0.706198711014771,0.48444286417225,83.0582018993149,126.231119141683
274.115384615385,75.0906923076923,30.592634798967,11.5053099872544,0.842515273860878,0.615674972012256,0.841490864797136,0.57945234489205,12.8684274139156,29.1954857932507
1119.73684210526,189.369052631579,50.3751440363166,28.0731348700625,0.847640239418685,0.492859755376033,0.770108792653588,0.490219351693278,31.6573469337735,51.7423069669745
771,164.580636363636,71.5543719797088,17.1015434669302,0.91477248724093,0.46943915466955,0.799632898675647,0.484718016567472,19.3176966208534,68.4899969718901
5446.66666666667,528.033,115.4511452809,42.6936100850995,0.93854737318315,0.385430568592415,0.731896176743454,0.504153051854272,53.3349059271336,122.122085130809
687.222222222222,110.431277777778,42.7145625200819,12.3546047816335,0.85183889718399,0.65659859316721,0.859795312266983,0.612104265860293,13.8383011727866,42.6509163160592
1675.44444444444,300.046333333333,71.905549987815,36.1469480761905,0.87080110947986,0.36642879873849,0.693708449270141,0.394676076753052,38.6486727571185,75.9491522718863
178.792682926829,52.1341341463415,20.8785406467189,10.8417926355668,0.764602681545511,0.741654952128083,0.890355918993191,0.636132926231741,11.8433409434492,20.9576237095376
7031.66666666667,721.895666666667,144.837773174654,73.7632504509374,0.859003414956774,0.200774002073111,0.60351187771676,0.276331469846406,96.9744075214644,153.264572860171
565.973684210526,160.861236842105,81.4716190487755,9.58563217590131,0.968545893867163,0.382501228914204,0.8393005465903,0.322829571422514,11.3790480884314,75.3682403557409
2034,290.8628,75.0739892045037,35.9864469223108,0.847563760282396,0.488813184158237,0.729263153435722,0.491335629288963,38.5857866101311,75.1379857885967
3766,300.232,118.421498392964,42.262989017083,0.934147899300235,0.514203028748415,0.842694115014545,0.631137925255572,50.8862860029188,120.074976577137
1112.58823529412,174.208823529412,59.3216424768914,20.8159912913437,0.83817638354086,0.55143766796056,0.803890311217321,0.501474335529433,23.2954310705819,58.0839572897477
688.615384615385,125.078,37.5208518763985,18.9587067872099,0.784124135784181,0.59793770886476,0.790806711523087,0.565025852768149,21.8048346013662,38.7368493862605
12783,987.9635,252.337353645717,76.9802061917239,0.957011030169224,0.154191803467609,0.602282669349951,0.31271435396077,90.1135523834687,251.378812464342
530.1,114.6116,37.5174105315318,18.6002040537185,0.813905586110256,0.688809915820161,0.880789212216269,0.608978746992489,20.3150781266381,35.5710962505462
530.727272727273,127.918772727273,56.0709047981425,13.4411378346862,0.906895702503823,0.529965458199537,0.819608612509766,0.475289481108071,15.7352157300098,53.4462001919003
1539.22222222222,157.719222222222,57.1948373177245,19.3840801098831,0.895512363197164,0.55558887079384,0.848331885698687,0.587944474708238,21.7724109655695,57.7349061360298
1439.2,239.6882,77.1675097851144,27.9028326730868,0.87970786339713,0.367351803864589,0.724728062972293,0.398114713524637,31.4343471098941,75.2579932547896
99.3108108108108,34.143527027027,14.4759535175402,8.20947639408723,0.723373315999168,0.825421096489857,0.932891779856037,0.700528836032876,8.80534463217197,14.7372107404947
25253,2051.472,350.819965598435,120.529707403421,0.939128643531167,0.0751731119019491,0.600504125746082,0.439564838990426,135.814025189603,391.081832868774
3171,346.99875,105.869996908154,42.0416116367322,0.932303236058217,0.273038153438123,0.705017369418245,0.320667786948045,43.6098702300108,104.703055226412
4132.5,540.1355,184.510615770785,41.1978222812746,0.975429743688894,0.282901375113082,0.711769213460562,0.328632223691832,45.3167862740052,180.249276837346
587.576923076923,120.763576923077,47.9743052858061,16.5640579867767,0.854646559062811,0.581326598562218,0.83929721029407,0.574107422071547,18.7076995022097,44.8092164808009
1832,242.065555555556,94.2527414709999,28.0613151135827,0.933890171383325,0.353900526066374,0.670032823869649,0.358837785787805,33.7905674042555,89.8990208680827
515.5,95.8389166666667,32.4001590691763,14.6351937570353,0.855198487859275,0.644559611329276,0.870065944391708,0.578286245896512,15.8376270240961,34.6206610833016
6721,626.173666666667,193.889881763288,41.8654243815716,0.978736260227479,0.201597821008673,0.677363135813252,0.468282803930984,59.3016415538442,191.716795304943
617.285714285714,123.902785714286,44.5884411714712,17.4889309405228,0.822547158711755,0.601542719942708,0.841463685905248,0.583836792884818,19.3930301452774,44.0176228668874
243.607843137255,66.4552941176471,26.1648567603835,12.4491561635424,0.778290087728064,0.701054624037852,0.870203940477118,0.598901388567066,13.4930688534228,25.9575379304244
4122.66666666667,355.040333333333,101.63220811714,46.2932170448315,0.870534187781324,0.366328768741992,0.730133588616115,0.485780985070721,47.9929377668104,107.739221663258
4715.66666666667,496.937333333333,114.770055982745,50.0689269159494,0.841005270928282,0.468047633974392,0.771353457379315,0.501927046486032,54.4213057150897,120.773143410016
2023.75,389.273,123.340663920989,32.8586026912145,0.917712655733265,0.406057304848184,0.671430269802275,0.449904134333545,39.4262216095294,126.741962427289
13506,831.577,194.686072807768,116.670276188149,0.800544083321709,0.243588305952226,0.721589998397179,0.49468903377042,126.948948931229,190.055255123346
3455.6,295.0714,77.9717069580593,34.6673021085471,0.862742470315753,0.581907236495355,0.858975399036322,0.519349142672952,40.1913080204326,79.7246322698782
191.926829268293,58.2182682926829,22.9425311856347,10.6982627706925,0.803299288866861,0.698175582836412,0.880032100718848,0.615943203221511,11.6695447620021,22.8525201803032
26914,981.359,312.49587319823,118.685351065952,0.925069388565283,0.34894433193361,0.900645852156745,0.779167390423253,113.899675369129,304.79173217133
25125,929.999,257.622361546819,130.441624143363,0.862340498076731,0.362594965839905,0.872153568453207,0.533745459180422,138.574816479137,266.011277956405
1856.58333333333,284.682333333333,75.3572754805616,28.7319679483823,0.82484376684473,0.452431815938156,0.704994902507226,0.483759082019567,35.6060532340213,72.7564168803752
357.384615384615,64.7427692307692,26.1047623906813,13.2304374858961,0.788593326717888,0.737575612230124,0.899486065900637,0.649802453753705,14.2844926810748,26.2230210603852
398.071428571429,77.4093928571429,27.4761064722202,15.6882648347111,0.744694414676648,0.705072943783467,0.882919083307471,0.611903201847756,16.6412080866482,28.7334088443882
3224.5,279.1035,91.6367015490701,42.2468447633934,0.908078153343038,0.411364855557196,0.739315546184413,0.514167824512652,48.6859849967661,89.98995699425
489.896551724138,94.7283103448276,36.0846128116129,15.729287152742,0.829496659574981,0.620443620793605,0.829883317542057,0.552792122977559,17.8702399364701,34.7928592679165
0,0,0,0,0,0,0,0,0,0
346.588235294118,87.4510588235294,39.7555104471877,12.8763013355712,0.878297553346616,0.616397214621488,0.860439169629075,0.61246662857874,14.3356851995355,37.5339218145112
829,137.744,46.3898514509186,18.7687099523371,0.888759044150592,0.565795044839331,0.832664449436777,0.640287401081961,20.545312050541,45.2571364982017
10326,595.793,216.15849283067,70.1510541547842,0.945873596504484,0.361728885283785,0.751200349192492,0.552487961476726,85.1294884655085,211.149236323506
9357,740.01,186.10326208838,76.4750402962971,0.911667803081479,0.212907846769742,0.674086881348606,0.486634075306844,90.4729203412186,211.589224678385
4866.66666666667,731.831,373.827735515278,27.3472603805049,0.996150706689185,0.109894925478832,0.58800725130462,0.478931640521314,44.7923172896723,312.778823265547
4303.33333333333,389.507,114.928375942775,49.2853963029112,0.75829293054589,0.312932576956295,0.716056476234537,0.337030158962394,57.8942886811359,121.739704436204
351.871794871795,84.069641025641,29.1199433093745,13.9978123427882,0.792919212120604,0.674102894054732,0.870373094662455,0.629191304599389,15.449686490783,28.6555353073811
331.727272727273,89.9876363636364,38.8643961445379,12.1984307250182,0.860401789907273,0.553873934701591,0.809840815535189,0.489809788088816,13.5584333030933,37.2798486820817
66.0833333333333,27.6144583333333,11.9592747610717,6.84806753642262,0.738226597032046,0.840999426552205,0.948814152404789,0.714920562355907,7.32379567231108,12.482498710589
440.1,100.8235,42.8835917462986,14.6585644443353,0.905406940035856,0.605481248920478,0.82910568442912,0.575401461169181,16.6121006168554,38.8841509986499
16503,1148.845,268.783273421846,103.716126997888,0.922552036817315,0.156270828442072,0.626466233914133,0.341634579555335,125.282869029757,302.834938539132
182.104166666667,49.8552291666667,20.0774318877343,11.138252770277,0.740087727043795,0.772034700418813,0.907184481641587,0.650864565668396,12.0760279677991,20.564982790013
2755.25,234.31575,73.5183248709809,33.2873677150821,0.837118991139377,0.558543779408627,0.81417581050263,0.5271507146176,37.9585980459686,72.1083490804416
6593.25,364.98825,114.236034119758,43.244937723733,0.908915505519979,0.525609584285298,0.830719402526963,0.47094486375786,57.0268579648791,113.355639019905
1692.2,200.7518,73.4031921245089,22.9321953219886,0.906606523824464,0.458370171765344,0.829660332504103,0.429068842539331,27.069983365624,71.1993365339921
312.192307692308,72.5921538461538,28.1369919343844,12.0610063401382,0.79065154329173,0.693702834555284,0.877444611812991,0.637295132727048,13.582317632202,27.9805567868586
1184.16666666667,144.1825,49.3957999597693,26.03477943897,0.808906042833585,0.602933565965748,0.826800799903489,0.590597757362975,28.3687272429211,53.0136077836938
394.735294117647,80.9160588235294,29.6646093358847,13.3271893202094,0.813911007841346,0.686132791166306,0.871459524310134,0.617506822066382,14.6391391511515,29.7905115335474
843.076923076923,133.0105,41.7941833308036,19.1812972724908,0.79289602208882,0.614518909844015,0.818535239276866,0.579662149060201,21.8375995970921,43.2076394098981
16066,690.881,251.592128535486,84.7629148926867,0.941538263163983,0.419150906679301,0.890724621611133,0.701327047319714,91.4353337368045,249.288988926507
693.428571428571,94.7497142857143,33.5546511700738,15.4661918485169,0.898023291223463,0.599527403515344,0.870125166130322,0.493660251123651,17.6996825124105,34.9433646771811
973.793103448276,169.821413793103,45.5300083948515,26.4643658759293,0.785664421379634,0.574275817360138,0.802931364168418,0.556661236793183,29.1550102845943,46.3221971545555
1916.42857142857,280.537857142857,67.6380291900755,29.6348473627673,0.786473467252169,0.529583578443686,0.771576086708893,0.539372631372803,35.6178653828349,70.6642036010739
7659,442.463,144.872603895648,71.7431009913603,0.868770398301533,0.484710711282297,0.839618504713879,0.722002262443439,76.3187663832377,138.101412013057
3550,625.79025,181.219870780318,59.6355845673242,0.937905404154424,0.215541826944789,0.590782973362535,0.193505782719645,50.5891962493472,195.32271459694
143.51724137931,44.2271896551724,19.0878375905274,8.68857630437154,0.789730072541067,0.763871850311978,0.910959885779789,0.673169700039161,9.41409540446836,19.0402013867824
9514.66666666667,965.338666666667,285.3781343654,53.386307738422,0.984097380787106,0.157333944050212,0.607059128205673,0.35507740988527,66.7477691606941,264.208422933259
476.897435897436,95.3164615384616,35.066752543346,16.5201150977086,0.828227433193944,0.60746573574993,0.835545356381405,0.5509139105041,18.3002982524675,35.5956513289842
218.034482758621,62.5865517241379,28.2819045812361,9.6651115227765,0.830408698102989,0.694112507282111,0.877398490193406,0.636940864813682,10.7555291486655,27.4984385134205
581.238095238095,126.061095238095,59.3830428412183,14.349173785189,0.843503089116915,0.566296638200867,0.833799405570353,0.505882577010626,15.8472902731662,56.1161808313584
16670,1143.458,410.290546754302,66.1151258452769,0.986931197116982,0.159338930405931,0.650206724393478,0.467929824561404,85.0735369226744,383.026108770669
3736,405.086,141.606813233385,48.849959937758,0.81214635578308,0.278132495026626,0.78483478713498,0.688255037820476,48.9234287970241,143.240306979573
520.84,121.63808,49.3103607580177,15.8348342332525,0.873505928057799,0.508235597083931,0.802378314938638,0.492347783088779,17.4504112229763,47.861874231028
185.210526315789,53.7856140350877,22.2238136503598,11.027637247618,0.774723454754548,0.735240303981324,0.888295436309355,0.62865577581222,12.1069539174028,22.4135004331604
507.555555555556,132.856,58.2402800972284,17.9446588789836,0.938487646390275,0.45185114802222,0.737158266517825,0.42736112992702,19.9683272761695,56.5586713016473
5337.5,967.7325,416.512874376473,87.4811932961782,0.97373578439324,0.073396406988024,0.441522086787106,0.0658509159468363,85.1124698933576,386.775275901951
458.117647058824,103.880176470588,40.1850183554925,15.479661459348,0.867252076279966,0.581353675713637,0.836498451561412,0.561831341380809,17.5395377047853,39.9982450033888
28145,1562.055,378.499197912254,117.944099346355,0.950210117135606,0.144368794287424,0.709836065573771,0.480946684894053,136.851835637049,382.099463490856
791.842105263158,142.850157894737,71.0512707724435,13.595695623353,0.924478234400685,0.514499639501862,0.846894930509617,0.491143240893022,15.405215893992,65.0394449991899
2666.33333333333,387.847666666667,135.426793187098,24.8215914710972,0.956882888163531,0.264494313924766,0.687362770076925,0.358186851705143,28.9518160880529,127.126938326259
2773.33333333333,517.144833333333,200.827152318705,29.4077196078681,0.933870199128497,0.278032664601682,0.610992791426016,0.32112113875673,38.0208846704865,188.587116247757
3567.5,470.829,130.069016364741,51.0111525177727,0.904353277506823,0.195696724095716,0.552866514355817,0.34053963389814,58.9238102116088,127.90335287823
686.769230769231,114.523692307692,40.158582446369,16.6740252933888,0.848653670090526,0.624046063624492,0.849878162050745,0.590680591994002,18.5964343894142,40.2053288975726
99.945945945946,34.9339324324324,14.5459879647802,8.51293329907218,0.735385827223248,0.83911484113137,0.947545636234452,0.75085566182654,8.75855818899304,14.9202223561373
936.875,179.2974375,90.709921407669,11.4373401926093,0.956667453949681,0.429011985453035,0.833184309970992,0.35680702702796,13.5593319805764,83.802710531175
44497,2737.056,396.615211311953,212.873722045463,0.843756558598725,0.0744692251140416,0.649837894675351,0.469377637130802,235.451957232754,395.248023397967
237.033333333333,52.4923333333333,15.9406745250351,10.9951425362247,0.636981172123787,0.884661650145486,0.947572314889247,0.740895374790719,11.7716154428994,16.6848380200227
704.083333333333,126.572625,40.2161271870246,20.5129546084696,0.818829122490642,0.566284958460907,0.799938507240598,0.547377850068405,22.1387882125814,40.8808187926344
3483.57142857143,462.031,97.8097726730633,35.5795441173087,0.954535654165722,0.353062072481876,0.710060123218649,0.416078170284227,40.2139863451004,98.4014675725037
8089,416.513,117.918995063478,104.523217363983,0.462923043308564,0.577192579052383,0.827942681678608,0.557093663911846,101.51748617849,133.221619867047
27705,1224.385,272.820418718412,150.119803969213,0.83499907231503,0.231050120819794,0.715336948102246,0.494167380136986,182.087128393124,319.325852382797
9960,1007.965,213.500533541967,122.450522951235,0.819179435330445,0.122426467423308,0.360869565217391,0.256410256410256,157.829351179709,243.680118187759
1263.625,237.14675,70.4231935805208,28.9344081650627,0.858463748712865,0.532514858751394,0.757280862193611,0.551767736146689,31.9083174293821,71.8037184294434
277.709677419355,67.9118709677419,27.5486320304852,11.8840693289658,0.813545969287674,0.715834892272165,0.896378421728593,0.61130394448644,12.9361483168737,27.4782483014266
1404.85,158.85175,52.0319191148787,20.6097590223173,0.898404811309881,0.570273536381842,0.842338835481999,0.542987388820913,22.2153547069821,52.5484719351234
1636.42857142857,232.874071428571,61.3441334537121,34.3029779568736,0.79557003119596,0.498419177713293,0.761910712774326,0.558244234711355,37.2023980006496,62.9015737023562
552.75,104.533916666667,43.3509179034826,12.9446248965553,0.849486980837306,0.633153497127368,0.87028506441565,0.580040564887037,14.7940431362021,43.5417974486575
179.64406779661,47.6668305084746,18.8440654901932,10.7552723838459,0.731004542498702,0.780472974139684,0.914733977714424,0.674928626783866,11.5273573501109,19.5020416812078
109.884615384615,40.1235,18.0877676722003,7.73521089025383,0.78541862246053,0.772634481409429,0.924640344900763,0.666529343796138,8.37208836222764,18.3715634554154
4870,484.213,132.476079855479,65.0019162442211,0.871346001188566,0.257661006610555,0.580314585319352,0.394587587100956,77.3368407525851,139.817738502666
1841.57142857143,347.082142857143,111.933055435544,40.5950657892747,0.902004689971823,0.244479920335182,0.58706784648026,0.312473071800307,42.9743747752139,107.371130999673
3430.66666666667,450.507777777778,89.8069607815833,53.269377893372,0.78699200467147,0.36941713394086,0.669313606913417,0.451706502227335,56.3212341913168,96.4726881682386
536.55,97.24885,33.662212724667,18.7233714271245,0.767749858006253,0.668027565667287,0.871478689800237,0.618642976125157,20.3904415893304,34.4029964450631
10368,666.4215,162.03694240958,84.0109358199361,0.867181891476531,0.21848328343048,0.629648759490155,0.454910025613412,86.7121562643269,162.743430616607
2717.8,337.614,116.213055578329,45.2070077530804,0.924504037363929,0.318730553565285,0.681031518226679,0.350098120155424,49.8069840972299,126.792744623012
1358,212.1105,62.3628678889637,23.6798338269241,0.921276577784744,0.461287465718141,0.828359052423658,0.413208236405548,25.2134655014755,66.5031740129076
139.4,48.0713,21.3036684886917,9.22521774567784,0.8536111679235,0.698038243774153,0.901807801055145,0.635470233920838,9.9887946373442,21.1693704143422
135.086956521739,44.5269565217391,19.0392513561951,9.05660036638545,0.781812310277492,0.724164405175633,0.90594798823151,0.642711610890337,9.78603607700061,19.6663986602013
7503.5,610.6025,197.248630486875,58.3055613993317,0.966169619581569,0.246008435091328,0.663727226363345,0.520081231656943,64.915901068667,209.080127282209
534.08,76.7476,24.5827311899185,14.4857700215588,0.759586745255872,0.762584475163763,0.901929463131448,0.635464619756032,16.50043139093,25.872624885007
3572.5,399.0385,89.3017854969813,39.7354538719385,0.857541159986812,0.478953200377186,0.773051150767562,0.482083377446828,43.7169595052494,94.9564098202304
487.947368421053,101.015263157895,35.423400377677,19.345513137369,0.721650152858976,0.622553933932451,0.831373515351233,0.600579368134771,20.1956896880657,35.210141118035
2140.25,273.462875,71.8742580750157,36.8190472238894,0.865057261600643,0.367033693048571,0.705159680766166,0.445805178226195,43.0264930303585,71.8931761669692
1684.9,273.0562,95.9539591247225,30.0103872898824,0.9287284963661,0.310585532739513,0.699783500313104,0.409596360971147,34.1630405948203,92.9274740590864
505.857142857143,121.121428571429,48.2321683982275,16.1416814735454,0.827609230470187,0.571630295355172,0.808453886909131,0.54778823141736,17.8558010851631,47.477605290044
555.136363636364,136.1985,45.4375343615501,15.6911907813843,0.884125607594271,0.517797197788558,0.808371731736223,0.480668837918566,17.3143373202046,44.1506849911388
129.566666666667,41.5341333333333,16.7828905376694,9.3244936544035,0.767156192113734,0.775468758420028,0.916388132402308,0.669741464839176,10.1362896384193,17.3618826056449
100.7,36.7046,15.2443147471835,8.42329679906508,0.780118960466555,0.783254731060625,0.913712842714784,0.640876824669274,9.18101482477666,15.7060921027653
691.052631578947,146.571894736842,64.3597661840782,15.0660117054463,0.841894902841864,0.545633354288783,0.796907026903279,0.497447599262168,17.934698366444,61.6881195179776
553.466666666667,105.317366666667,32.7404748455192,18.4203093831589,0.729199079535246,0.682326346544131,0.850989466583878,0.611986485816585,20.3095437434253,32.7158199774089
572.72972972973,106.107945945946,34.9804376229347,19.0312766221769,0.770189478282713,0.616289957570404,0.826608410141671,0.563054601729639,20.8373002961556,35.4835550493725
5305.6,443.2698,119.671489579236,57.8350139758647,0.829212494087776,0.270657139508437,0.683067346302838,0.329326547724472,57.1312822828405,130.474974507146
369.238095238095,103.690095238095,45.5385743315677,13.6535582871513,0.913621378472889,0.472079908776076,0.7576999921481,0.444464683494711,15.2389562889581,43.582717273586
534.25,136.401375,61.4872035644339,13.3706235199175,0.891461152250499,0.420182864269662,0.808833327990593,0.625310318342796,14.6516321260709,57.9510437323971
711.75,150.4615,71.1973949128325,14.7122476133901,0.926318022750893,0.493536337862058,0.817748708187749,0.580899408871015,18.1024770810037,64.7103529424618
505.972222222222,105.744722222222,37.5356581745888,17.6609939902872,0.796213648753084,0.623694736712634,0.821298738774219,0.599533599483516,19.5718763819308,36.5231279792036
1883.57142857143,268.426,75.9986095576852,38.0073113155513,0.850711722374354,0.42746199859163,0.712039714941183,0.448320726634969,44.6906004470808,75.017256181365
434.619047619048,89.4448571428571,36.8876867386348,13.8093079960409,0.818866066419931,0.646875729987427,0.848951845498811,0.618261029917468,15.5196118518736,35.7911201583653
14042,651.664,212.009594890296,92.4600827110295,0.899892042858693,0.411541913602725,0.797071010955327,0.441239316239316,101.426624717139,242.2436789681
237.788461538462,59.8882307692308,23.745856176022,12.2747800143588,0.750563028054146,0.748599114866466,0.885464776886501,0.639552994821119,13.3706466953007,23.7701293045269
409,106.654466666667,51.3991101851231,10.2867717267373,0.872543206446801,0.600571258081577,0.844114651569776,0.562035293986118,11.9974825532806,48.6431331703822
1780.15384615385,190.631153846154,47.032186733203,31.3789890914452,0.76375140839802,0.53590120928802,0.789734790419797,0.559067387469133,33.378926044038,48.1773930663859
211.081632653061,64.0087142857143,26.9261266392606,10.7459915506376,0.777452558045003,0.690194709052157,0.865941680428664,0.613412939212431,11.6187588666926,25.9661624471155
1445.42857142857,225.488142857143,75.9757188659382,30.4294359322566,0.926363198325881,0.410729586865415,0.71787863400695,0.434642557785567,33.5362870379078,75.1058459466619
327.791666666667,79.442125,33.2863973112587,13.2932391623702,0.85469388514403,0.639443079030736,0.852628205766532,0.588707908869795,14.8879371405285,32.8403794772406
665.777777777778,146.401555555556,64.8239307683865,14.3684834457186,0.935085883520681,0.463218022904837,0.76911487656145,0.444471300274041,17.0806771417719,60.8429800264141
8027.33333333333,669.900333333333,133.480489921271,89.463403942192,0.742775117029473,0.210696399217823,0.716099259974446,0.487787925656942,97.0903633966862,152.218772706773
626.230769230769,91.3036153846154,32.9981284870137,15.5942630980512,0.844885398738732,0.677420705390767,0.895964387602193,0.616357788340588,17.4697974706927,34.1706012086072
23383,1003.68,311.642622642017,110.281877295901,0.935293522747471,0.289871188828638,0.765977659121433,0.425431654021797,151.219564373987,299.536308316705
99.8666666666667,33.5177333333333,14.0794719301925,8.27164784191328,0.714402839508427,0.816061568039045,0.939530780004592,0.709299725979056,8.61617809788804,14.498000868032
781.8,151.374066666667,49.7559847171802,19.1541101099785,0.862528066703124,0.564141539017149,0.809620841066683,0.561863041015615,21.6794894332566,48.2631680100216
40793,1191.514,322.414506722391,173.509768806803,0.842844326624116,0.359178281587481,0.840572841541315,0.576685468708031,180.234231570176,326.16713507035
425.947368421053,101.959894736842,42.7278993492525,14.2764787830125,0.892121999847053,0.54296997380714,0.81953474164355,0.576513662123619,16.2117681760155,40.162613587036
245.45,63.58105,21.7558309462052,12.1793252040907,0.723195549265825,0.721262203628489,0.867955966738226,0.63851772588206,13.0251752859795,22.165235720217
699.647058823529,126.767588235294,40.2770814899915,19.5105150138464,0.792889487686658,0.633789980595387,0.83827102069524,0.601188322081135,21.8001942603038,40.0483325808499
291.909090909091,75.446303030303,30.801123617901,13.2240742802984,0.819840967246662,0.643641591928469,0.853200701285126,0.610824222503737,14.3840656485063,30.8065498493498
507.666666666667,90.4328571428571,33.4713336047828,17.2728143528852,0.755965947613987,0.659907605267692,0.855327302461609,0.590933918256176,18.8768523208081,33.8153706668511
5985.75,603.91525,149.293555898886,55.7900463209825,0.82007592556217,0.266839669311959,0.589175039238539,0.394151197997512,61.4435304046107,146.414338985973
735.230769230769,139.994307692308,43.8071875998674,21.0488270550049,0.815461922949085,0.550838912761002,0.795707784895133,0.552855528172495,23.0888982481446,43.8669884429953
553.176470588235,107.697294117647,37.0055053625064,15.4852265688804,0.824057757934505,0.585832786819546,0.82200972014145,0.594795050888566,17.1464877686021,37.292673187927
320.535714285714,79.4715357142857,31.5332349172445,14.2239785765339,0.7805692293562,0.714790473554101,0.867069775179761,0.634566570410391,15.4219622880488,30.3724380923878
172.645833333333,46.9369791666667,18.9230713173408,10.5099645052986,0.721375800252598,0.792583159038734,0.914779150051865,0.663433498852988,11.2962530176804,19.1288028977168
2235.18181818182,267.375272727273,85.7841126422605,30.9043429991855,0.924464019832353,0.363863759964914,0.731163936998864,0.493935317813008,34.7002805526478,89.1608873933754
139.553571428571,44.9270892857143,21.0195705832472,7.56751429267926,0.817914629461681,0.755970683779251,0.914856162172191,0.698173566652574,8.17516970572559,20.1384664282604
7280.5,366.9595,148.639831281371,57.3066262339803,0.926512894974744,0.538139744406711,0.917680922845357,0.75676168611021,63.3906737921727,139.387378370326
670.75,122.9655,45.5853688784856,16.2509080790415,0.931570364577675,0.51292405657894,0.810250369083327,0.470602090328653,19.6481471320382,43.7920729543143
170.632653061224,48.6347142857143,20.5144677311802,9.90125543965897,0.78657840084684,0.751148949008184,0.900267422482205,0.627637339217961,10.9503698307623,20.4790184171913
862.333333333333,176.783111111111,59.9827001927921,24.7641367137549,0.848769833439161,0.499464902504442,0.75129240266412,0.497765768930654,27.6021089833955,58.7781000541456
76.8,29.6792,12.6698818142517,6.98425920077061,0.776093722373316,0.78569440635525,0.91749537236739,0.683423204475836,7.59056685963748,13.3265100455994
334.444444444444,75.131,28.8840627027674,14.7936124793011,0.77423803997318,0.664183056245551,0.871754968019518,0.628170399618075,16.1253526991929,29.866018444484
906.428571428571,174.1305,51.2482935603185,20.3760467326306,0.896638899993073,0.514803138340066,0.785159181385528,0.455200467729977,21.9635649051501,51.5052999386156
598.133333333333,120.500466666667,37.5627932037115,14.9283051548791,0.796133269868204,0.746343646295773,0.892460817859688,0.65051726495112,16.5488161968568,42.225290496433
69.4,28.559625,12.2732453979072,6.93071455623427,0.760831837601717,0.817767532581235,0.931032012736087,0.68905609085997,7.57854867259161,12.5567863254179
247.605263157895,64.0698947368421,25.9729658129307,12.2472474864479,0.820355330483364,0.667215634521976,0.858628419418961,0.606065527123428,13.6091874679495,25.8173180971715
249.088888888889,65.9334666666666,28.747844809091,11.2577923691812,0.824883638944987,0.67792307246215,0.871448163486812,0.591113051076989,12.5242537331252,27.7792231541271
31.7333333333333,16.934,7.58265439802136,5.07156174390184,0.705757943995072,0.900865598647015,0.973437157741941,0.753692580567581,5.29167126221863,8.13472127598434
5309.5,494.4055,113.508285841352,75.0055863145182,0.741853771808329,0.259268862035314,0.608831514399468,0.443195686148917,84.7863713527609,120.554842948827
616.970588235294,113.6,40.4636096942853,18.2479126044891,0.835821564902601,0.580550378030913,0.820955979303686,0.534843551971223,20.4061189383319,40.5920767429831
822.5625,144.9266875,55.0032090314007,22.2106902361436,0.892571053029775,0.447930259509531,0.731849731577221,0.471094485514038,26.0096018207816,54.249130489996
519.16,95.43852,38.1200164295873,15.8816789619734,0.835192732402111,0.58774398672726,0.84244226995213,0.59307458521922,17.6688938951682,38.2728057724481
915.8,147.7569,50.3389576906561,22.1643897743739,0.875419735068171,0.505116758700338,0.78074484719546,0.538377240807399,24.4111921098952,50.7007513448529
10056.5,691.617,157.017773281029,65.7262322208742,0.924236038027087,0.315696726516488,0.771872936053079,0.407509468903663,77.2318923115538,175.693913947602
24436,1358.359,332.808214152302,127.872010546312,0.923241018970422,0.16565490930241,0.654716930578999,0.550385152484346,154.487428060552,299.976665759189
1318.72727272727,190.548818181818,61.2220062364889,22.2987106897748,0.889372966349213,0.490585612505816,0.795698251736449,0.484359474411577,23.9055453447453,59.5926706010525
1084.92857142857,163.419357142857,59.2875220729114,15.3140766927876,0.903401484377605,0.559561565913848,0.852276537192978,0.588304267863709,18.2050998585768,57.5790652522034
585.827586206897,116.658586206897,42.4506327758153,16.7791876929526,0.869198436979997,0.521639833435668,0.800714896016486,0.532868238559203,18.9771743962901,42.8686942097304
1165.63157894737,190.879736842105,74.4089490245242,21.3084220047742,0.911645047031146,0.386898857704117,0.72434901966013,0.442505946130623,24.2504769929464,70.7396070376468
553.25,130.828125,62.9953929189021,9.59420562731091,0.887171976327264,0.571732857409287,0.837334984384291,0.582266153452568,11.7961993339671,61.2469663871438
1432.90909090909,216.208818181818,62.5324245061772,25.4240323508215,0.904838716978349,0.440219551970907,0.776487235534137,0.483517121619286,27.6822639264966,63.7976237652417
1419.33333333333,157.415666666667,58.6030753716273,20.6833523737237,0.938210191313844,0.438396455784293,0.825715301523153,0.567573530986316,24.4836990153429,59.0593258494897
3537,305.071,76.7958356412882,49.9263150513559,0.809094039082869,0.390860843759093,0.817945284007235,0.453662704297809,54.561744747735,87.4901245022608
2253.09090909091,235.664545454545,77.4705002791881,33.8926821071552,0.78218405711041,0.560284486683053,0.834589264487094,0.631159472205197,36.7308641296416,77.5965784633248
1286.09090909091,204.929818181818,66.200656221773,26.1385776785551,0.868031868371931,0.489499590323417,0.774435147759996,0.537068471970159,28.3803582435505,67.0003415303682
1787.77777777778,219.515333333333,65.8878048639403,31.7540426220695,0.879777748261186,0.436310857536896,0.719756032477455,0.481822812853056,36.9674031697655,65.6593439695246
1750.4,307.3216,87.4813426901352,29.8348657393209,0.950144331509383,0.36139493315371,0.712819070185774,0.420243651241871,34.3993605370823,92.8250822759957
924.333333333333,133.380571428571,52.8714581997575,15.9008533485602,0.865607046862593,0.633466509423628,0.875280587898574,0.605975388234952,17.720075392936,50.7225025023836
1022.94444444444,134.798805555556,45.8576909518846,20.7740796361344,0.853295812040761,0.537080242974348,0.797514619799725,0.52206149654313,23.9249818098374,46.9325214121889
161.666666666667,51.1771212121212,23.4806775706674,9.00253637699254,0.820581307532547,0.711076519186767,0.900220452688573,0.615443941718515,10.0396822505837,22.8143609967472
388.785714285714,101.785642857143,41.9239487844277,15.7089638794171,0.845918938856743,0.505631672938293,0.794445351546894,0.526190311661327,17.0286349327969,41.19219424836
979.05,194.27785,68.0292133941715,25.4696934018189,0.892725018890676,0.426466709630531,0.70414408078117,0.430726906213375,28.8743010161123,67.5337549119937
172.935897435897,50.601358974359,19.9585335196606,10.6382401961689,0.769047440077293,0.759006424335998,0.895528531060988,0.658592571270926,11.5599419996083,20.3166159113617
2092.5,287.3255,101.693016412294,30.3367911408074,0.922984711222739,0.459804963223103,0.747679376080299,0.521647790875261,36.2832112870438,95.2542779884354
330.111111111111,77.0516944444444,27.3479163599169,12.3885754542335,0.757390129373503,0.742860370806894,0.880615485312318,0.649379704270713,13.6482286146391,26.1866367304015
104.724137931034,36.6745517241379,16.1110334982426,8.19304269286714,0.723376740785064,0.818993690462409,0.928339994618478,0.696885049728113,8.62014299397111,16.0431746001218
310.05,82.3585,33.12889956397,12.5602814024853,0.90804460419279,0.581143458609838,0.836205260170836,0.515157834356565,14.0851481653067,32.7404443983291
804.692307692308,130.8365,44.3818665533916,19.1496560378381,0.821793442699131,0.670139857189839,0.854674397509317,0.590629539957003,21.545268974509,44.498707002953
2897,290.631,67.1167988724289,62.1377661221915,0.377975980200152,0.421828391618392,0.728988424760946,0.575715421303657,66.96,83.7376856618333
14135,642.346,173.634962950266,114.23059763012,0.757285525182383,0.267783615455912,0.753843397500632,0.371315819152429,111.797816944218,179.76800721256
1055.8125,125.403125,39.4600108144333,19.2788649164038,0.83057121154032,0.657103875094812,0.864996796033695,0.588154263944849,21.2591583637374,39.2244069906373
2186.16666666667,338.248,80.6823716005326,39.1814337402526,0.801634738824035,0.595734028079912,0.797434489496804,0.562213667796587,36.5192718900305,92.9764913700875
733.058823529412,126.740176470588,39.6368191996776,20.7777535159029,0.786418309674814,0.687585613914254,0.843337203922534,0.606666370054441,23.1771346385107,40.8893937943084
1430.44444444444,192.465111111111,71.7694180669466,23.8821675905407,0.900592480369413,0.492551674120437,0.792372969942936,0.48667972203259,27.0578813533055,71.1700191604937
1966.06666666667,231.6076,79.0708961068473,29.4652539586052,0.864651634050352,0.397380323934407,0.732406863150447,0.508879278682309,33.3757494205804,79.5733013735647
68.7692307692308,28.3891846153846,11.9538306590121,7.00728759902623,0.729177916616035,0.821549168943128,0.941139498797207,0.716870415217445,7.31857703274646,12.5470917089148
71.1285714285714,28.6364142857143,12.1452669932381,7.12635373426263,0.729967777801466,0.839523098050524,0.939040834106192,0.718316643241659,7.5303569962598,12.5947897362506
2197,320.7886,76.4022806550583,30.5068888486065,0.846246382404708,0.434009316996436,0.739067785484945,0.519669845851196,34.95258807156,78.7431154262613
220.884615384615,54.8081538461538,19.8424207523983,11.5517246126178,0.747761248294766,0.796936057112879,0.91792339166869,0.68492550819096,12.5037580683553,20.4175948670873
841.578947368421,153.105421052632,46.8426589669867,24.465915970499,0.813022646267497,0.552466651234082,0.783526017055558,0.534436350658662,25.9928564870439,46.7898246563382
141.136363636364,45.0337272727273,18.1029908009859,9.58423272199851,0.733123671778534,0.800738503113861,0.926803198441009,0.687762202340899,10.0468350368545,18.4722205155518
468.461538461538,102.304153846154,38.0010712011179,15.8889433795175,0.784190059439357,0.673647644196239,0.842699239671845,0.593819792393719,17.7842444567872,35.8201468497873
8005.75,730.86425,204.580987300356,53.0942645818007,0.935805694254356,0.193877010317113,0.610430120723235,0.397096470873378,64.3934383294348,193.276445920924
686.111111111111,127.768814814815,46.6508714294595,20.8884953998133,0.796118454040411,0.58545816012674,0.808564715573185,0.565597839995005,23.0634185947021,45.4775361251237
698.571428571429,113.438285714286,42.4077214801325,17.9011904002579,0.838141865346151,0.599176595332842,0.863641198106201,0.595670848832246,18.8157588917852,43.2553490123379
698.366666666667,119.7459,41.7629697810914,17.9290624434668,0.800548849520674,0.651353870421194,0.854231030421654,0.609964196083373,20.1648099940347,41.7869789465065
1617.45454545455,348.903636363636,118.95944050952,36.3186475678668,0.899464589486815,0.229747392007635,0.614392372974019,0.295278013823232,40.7589347334981,108.818725232295
88.94,32.03936,13.2424670916549,8.09835122922422,0.714379761768471,0.851572614002133,0.944620563585132,0.714789226481883,8.62670880839985,13.7485721080306
277.679487179487,70.3960128205128,28.6651200630015,12.5928351611725,0.833557059543158,0.667176398150251,0.86860584452249,0.599053902675737,13.8896725112453,28.5718205422729
3056.5,338.6155,166.098675522201,36.4874923120269,0.81022545955172,0.47373445963331,0.86527824823672,0.599330709335331,40.1301522564018,147.530634725423
2823,380.6455,125.924136925799,37.9925004553034,0.95563573571915,0.280172925502214,0.609289835933394,0.401223444998481,48.0418122965331,116.562141025869
3080.8,268.3002,71.8214752362968,37.4424148372653,0.867666282096055,0.459448893764737,0.821302675515622,0.520280004731221,40.901006141231,75.4620612642864
70.4736842105263,27.6438421052632,11.7946847140345,7.02291229022177,0.735015373142275,0.845938081165975,0.941072315161437,0.713414493219359,7.45377584224559,12.3032090624316
1518.46153846154,238.572153846154,77.8330352403241,29.5775847621811,0.913151256720761,0.41230204067271,0.737804662036682,0.431753403845578,32.5224405187199,78.4884141777636
6858,665.010333333333,147.148925497522,88.6782730676442,0.728276899514607,0.261908577025256,0.664361642731818,0.46386924165187,99.549806058749,158.748648064218
11563,940.472,210.282505880772,161.454383749122,0.640692585002476,0.163189425388689,0.467550847114957,0.255513324788969,152.788939370522,243.501540036198
4973.66666666667,381.467,102.324337248549,64.3764506549332,0.730743329631987,0.415505145050992,0.803378124402288,0.581386715867679,73.2185349727176,117.345508414953
183.386363636364,51.6153636363636,18.6072980093768,10.5003516367997,0.68714433294509,0.804428488945981,0.908494106498684,0.684734164691574,10.9871115908964,19.1070934379669
954.291666666667,150.771125,42.1931115391981,22.5979381842799,0.786890094404279,0.615268472526528,0.825205498092603,0.617580643876346,24.8987946824261,42.7940610062932
79.2631578947368,28.8990526315789,11.5892506413416,7.81819571802324,0.665564911732443,0.873666315725385,0.95473407878356,0.743172855772694,8.30828202635856,12.1589630017736
221.060606060606,59.9357878787879,24.4804391373882,11.7894479315507,0.804853672500338,0.704568075835932,0.888534565125505,0.622317544874745,12.9239695958395,24.7309311100777
1683.28571428571,204.185714285714,65.3929105643164,25.2638509512455,0.891618831317497,0.480038572268399,0.77634972728376,0.58707669357442,29.8038180914401,65.2239528264833
5716.5,533.424,240.494411480812,37.2876186927741,0.985848848303232,0.247701583974616,0.765819386280664,0.61847659785436,43.3369175788614,214.734154918931
1941.76923076923,228.703153846154,75.0963768654746,28.31070863302,0.869427410720886,0.463400986744195,0.755495042295376,0.498826083458203,31.4276012066224,77.1682076924475
936.684210526316,142.868157894737,40.1698616981616,22.5651215145591,0.821473324227411,0.570149093334323,0.807980533452482,0.573001725205285,24.7968945548109,42.9780200349697
3902.875,319.5545,94.7977644549366,46.479610595408,0.849741620026526,0.431218549114355,0.745646939656595,0.429942493555112,50.3223471336347,96.0965978929847
77.0869565217391,28.2965869565217,11.8684025129304,7.58314292960936,0.681993398147767,0.873702431132811,0.9535776501137,0.73291327398682,7.87343484547767,12.351133425882
134.52380952381,43.6766031746032,18.805642205813,8.68670318017342,0.77461361708266,0.752486004695732,0.907741813947742,0.642344556525365,9.58949598901348,18.8824523072657
3228.75,281.855,79.4670577515305,39.2907082638825,0.872191404292977,0.523478165773558,0.791384728034282,0.532726136236433,46.0692265192713,86.2273961276536
4126.4,339.1683,109.332909430182,35.4279757745269,0.86533440629946,0.400272220265354,0.730638033155384,0.487670347653408,42.5897877839702,108.641846644662
2382.8,264.334,60.9558748742442,36.9760953925649,0.691761341639106,0.611737313843738,0.779112373691047,0.525966054925331,48.6097042707006,72.7902782144401
707.1,129.2243,46.0747404437073,19.0897848449778,0.858236199196155,0.548953658051743,0.792060415389176,0.55175446865819,22.1692134100748,44.7399864278447
747.76,125.97084,48.4293841111504,17.2538421775529,0.798759807659235,0.64059744972247,0.843519294067192,0.578025346263805,18.8169721119885,47.8266793675045
445.415094339623,95.7013018867925,32.1017445825051,15.8682202144342,0.799173333424889,0.634658333188176,0.832512938732509,0.583159416065662,17.6293364365709,32.8151720464241
646.521739130435,130.482347826087,45.0015787143903,19.5710552090873,0.854973850689684,0.537813208669058,0.781068489172875,0.555501694762015,21.3016069609514,44.8091662629973
43203,1877.71,385.531244923143,175.082940992163,0.890933267508249,0.153466896541808,0.724347796928442,0.447643816312997,196.798353135755,429.610288517396
3907.83333333333,249.7425,82.3631226815561,39.0523846452084,0.707993458349663,0.520392931336364,0.794486284184585,0.565701525889564,41.78989327208,83.9601735920191
252.679245283019,62.1712075471698,23.4646975319903,12.1758954411547,0.766221662168012,0.727880885919566,0.884185796041253,0.635693644553085,13.2265842502582,23.9406578135648
699.739130434783,129.043826086956,39.3395352268418,18.6731271342955,0.791235869417595,0.628025119965262,0.830332039175135,0.581172686402207,20.9024117486007,40.6067459515147
9392,476.225,151.520499546606,81.7822401364306,0.841829378247632,0.513608755922499,0.87237599851384,0.570456754130224,91.2315734819914,169.811660377019
1923.8,179.852,63.3584184321643,23.4908984032822,0.901090754805536,0.49312134941091,0.78453190155739,0.592741129280269,27.7533201170808,62.1860115403087
3499.25,383.18475,100.216882759921,57.2195669234819,0.818102732542628,0.265041496376081,0.602538764860645,0.380310701318394,65.1293193089164,102.815730757251
325.769230769231,73.3933846153846,24.0295214931549,12.7463261520982,0.802075987963766,0.714458005372604,0.886537706107774,0.601538046363335,13.1999861057044,26.6896405885819
11903,869.771,219.474633826824,102.608956021673,0.883982071719404,0.196302025258807,0.681144492131617,0.460019323671498,113.159009974732,209.93808611112
1270.27272727273,172.261,56.9332067385427,27.8304089857587,0.796181102286992,0.465248830565834,0.763644894289303,0.495811035966156,30.6399679715157,58.7735559630511
1063.07142857143,172.721428571429,53.2729013758772,21.126631051547,0.836173647188107,0.555915218755691,0.802417660847242,0.541222202793274,24.1243829123856,52.280375138433
230.12,64.85756,25.9472519206227,11.8184451279277,0.832102962437097,0.667942461661513,0.870876915269541,0.59911356654966,12.4485990029188,25.6914846613599
2390.14285714286,216.656571428571,75.9401243478014,40.3763733413849,0.746240467564502,0.525118564333694,0.840154422489615,0.495534632955188,42.6552656573987,82.7819451902282
1133.91666666667,164.713166666667,59.7470983849023,23.7889709804746,0.889107597090692,0.483463847134944,0.789229477189582,0.52420793712694,26.4842583978262,61.9881727092259
1154.47826086957,186.937695652174,44.0647834260335,22.2086301303924,0.822893765546038,0.59944702673764,0.806933654064451,0.573067285033751,25.4945008227515,44.4358501070645
545,128.782615384615,55.8170461037684,16.7719083753611,0.918251969492714,0.46182414472825,0.755991840684089,0.42742564224047,19.0994931576543,53.0731524627892
532.464285714286,113.723678571429,39.6978000214419,18.8359847882665,0.802692528322105,0.573949295810348,0.787232819932241,0.54807955763236,20.9774220502878,38.9964885670602
261.714285714286,72.8918095238095,26.9207309064597,13.983937469166,0.788913149179144,0.731720713767921,0.868341653745403,0.620860934464247,15.0176880887341,27.1030881954219
450.891891891892,91.3049189189189,29.977514661665,15.8261992701057,0.799469507665735,0.689990872007867,0.862714619057373,0.61856869117321,17.6083572837833,30.0069543659114
212.9375,60.761,28.0160009532219,9.18074592331196,0.848708357292807,0.652371234046494,0.906271740478842,0.570497992579064,10.0059705804723,27.7623774496998
1827.71428571429,269.192142857143,95.4003247936064,26.6403720915812,0.857459511633291,0.477591880158307,0.767150580041585,0.489464728375919,30.7078588530861,96.5993965165027
109.972222222222,36.4161388888889,15.9692458153097,8.04828441920418,0.761540997026019,0.799354052010837,0.924314322463201,0.680314363451184,8.7437476093561,15.876198548331
40997,1141.562,323.348416304575,173.121462514112,0.844597214202226,0.393165905963952,0.90643171416569,0.796677030703459,166,344.383507154451
5954,501.713,124.451355056357,49.7735890343684,0.844933798263324,0.417181176698352,0.756223793956151,0.509522810537519,52.9337176547574,125.95304207095
140.469696969697,44.941803030303,18.7740428815181,9.4185037087913,0.775275421703916,0.756012663563387,0.911471669907206,0.662664204878328,10.124136932324,19.0473432950777
268.875,65.80775,28.8736619553807,11.1863069573767,0.887098175271691,0.6493904173403,0.900639277605973,0.620908298212608,11.883663519765,28.9792974983749
374.611111111111,81.6375,24.426841505734,16.0625802669926,0.693466448714911,0.757203522616706,0.884899196200362,0.660997858401586,16.6176912162584,25.2274472226642
2279,391.409,87.3801981839917,38.4945688669032,0.875907907674851,0.37710407831496,0.66846852025752,0.467350787037648,43.5743368965925,86.6556305947181
6686,499.19,134.936243539364,73.5850379725592,0.838220209500646,0.332962444187954,0.700251361541684,0.501049160671463,89.3738893667418,144.249783362056
12153.5,834.511,196.626052534586,88.6732960958855,0.87194479208353,0.232969655026685,0.707533380704112,0.4436508994004,98.4074994968486,204.871049234197
266.75,64.8529583333333,21.3266551550754,11.6398431671731,0.742467891418863,0.759696973432782,0.906438583276423,0.654733777943209,12.4148536309788,22.2730263130221
10451.5,901.6435,211.6032556397,60.0225546919682,0.966534062517216,0.161727518313404,0.72226376192764,0.269685187170492,73.230948968028,243.56882890486
7961,485.458,181.225357194392,58.8518345044541,0.945801977513394,0.419055250834546,0.850897819581018,0.616176470588235,62.7989007891288,196.72569735548
711.411764705882,109.369411764706,33.252273515932,17.2315308828097,0.795434304959649,0.714247893892846,0.876292074555355,0.606465168978796,19.6048993816083,33.2824664725499
2694.2,291.8336,71.3398433137948,37.2892371971944,0.833875486135325,0.501777601867732,0.808341753865213,0.573624136677771,43.2645108197353,75.5346995605513
1760.6,271.644,107.944229002837,36.0835734656569,0.87093993976583,0.292636944834057,0.600127126647747,0.354113807883255,39.0659778461358,105.71708974564
676.684210526316,136.846736842105,43.0340752740479,18.64493430564,0.756253217333982,0.650076904230697,0.815009470789821,0.562462652284975,20.7996033416819,39.999979786532
3401.85714285714,409.617714285714,139.63068901445,53.2999076846147,0.830482494963754,0.418404853587012,0.676597788967875,0.444636780349159,56.1124813206247,128.798610594294
372.304347826087,94.2529565217391,40.7112463985814,13.6156082585064,0.843885322941586,0.548076169670741,0.813577196883596,0.550170893828529,14.9432994597553,40.3835017581425
9657,736.261333333333,205.629713667769,57.0389305523275,0.95109888630172,0.268080182342227,0.643968407951062,0.376963002965848,57.941475486016,207.225341248292
2502,307.6448,87.0422863314125,43.7692843998513,0.762072583520111,0.501385144113293,0.780565539265624,0.54437738159782,48.9562807336798,86.8523043675575
1650.75,283.355625,75.6409370396212,25.2974258958408,0.918271028489007,0.433234776329773,0.770698268919277,0.412933256091884,29.7797007905033,82.4349802576497
1224.66666666667,183.607916666667,59.9581394615693,24.5224390037317,0.863940142251218,0.518546714349521,0.796085038599969,0.538400037854117,27.4664251743365,59.2234361224655
425.454545454545,88.0974545454546,33.9782177712532,15.7323213673341,0.771692097306392,0.694494369004345,0.851706625550438,0.582180066778294,17.9871208406691,32.9372477998072
724.722222222222,133.790666666667,52.589860597381,17.933269967045,0.80859941784183,0.57100980641685,0.82910114618916,0.581945273121592,19.5846997431931,51.7794823312416
257.15,67.58735,27.0805051540903,12.8743166848973,0.789377167943593,0.693440483882026,0.853718229672364,0.575490154895736,14.2835760672693,27.5399601460738
8493,628.039,145.147174220447,92.3525965471982,0.771467566022617,0.267894448782664,0.635038133692239,0.36889197758763,110.024232534163,164.55090397807
196.944444444444,50.8377777777778,20.0056656948813,11.0668006032802,0.765905460627958,0.761840679228888,0.911900369070133,0.654778562389571,12.0392173136145,20.8258023693846
523.705882352941,109.732411764706,39.9138519091375,14.7914532691834,0.888871051550822,0.566686043248185,0.813428624586083,0.560741504252393,17.3194334162674,39.0282297490165
106.416666666667,38.9907708333333,17.335465211717,6.9532468638479,0.8427600225877,0.718032113408067,0.911169977203245,0.612886945589757,7.7413625007178,17.4182334659352
713,157.2366,67.602239904638,17.2241290709195,0.896581400234274,0.507311426397412,0.788828154141633,0.483097895074979,19.3494448760967,62.8717850576147
704.25,126.41925,36.1791954845793,18.8501188175028,0.773603756288354,0.667850399360281,0.847832734607596,0.600301996947201,21.1272037634442,36.6956000020883
802.12,137.15076,40.4570717186101,19.5899138551117,0.82529382697232,0.584125468339764,0.815314973307215,0.588217714535813,21.4260190459404,40.1000911674781
225.916666666667,56.8380833333333,24.9994330175745,9.46866519121552,0.858464279965181,0.68426728852602,0.91398485861211,0.694571644490076,10.0468800834344,25.3984942024207
245.468085106383,61.4853617021277,23.3142063072364,12.2727136894917,0.797053684602544,0.720656311119754,0.891440723729075,0.650589576665411,13.285901597297,24.0950480516408
442.227272727273,80.7886363636363,28.1811374569949,14.2337371045948,0.837067844404677,0.649388563960235,0.87456724594014,0.591730408921549,15.2911178573864,29.3524708062279
1724.8,222.7547,63.4209707954985,26.9302826646787,0.855099088889948,0.488120591730996,0.758484139016556,0.477601680284595,31.5648652841565,62.9504988820518
294.954545454545,87.6415,35.0334524257785,11.8056127473608,0.873509992603497,0.595569048246695,0.83081698057599,0.533760177815282,13.0679285419657,34.0926260323015
281.5,66.7575555555555,24.179734088553,13.8964010263727,0.751097819285708,0.706301918289329,0.870485782168633,0.628064808846193,15.1457354712068,24.8474206531809
642.8,135.615866666667,51.2642627219271,20.6966647102408,0.84205514300325,0.531019939469093,0.792398549795697,0.585456728465824,22.6161927460077,48.5704417043761
8625.66666666667,691.815,151.584313571375,59.2212810727383,0.860680025738259,0.308420429517661,0.694864969864176,0.519217113980878,70.9671419812109,158.455399934248
1339.28571428571,192.797571428571,65.2010996402262,30.3493556196157,0.821777504885521,0.478704463936233,0.736889623860052,0.470634701805096,34.6749007530998,65.1813282112258
62.4102564102564,25.3472564102564,10.9151852328023,6.78394719021088,0.734870323108234,0.864966764248996,0.953216011446095,0.720243926712122,7.17989013172227,11.4614637858431
98.5333333333333,35.1106,14.6566844231671,7.63163887846637,0.755740552321343,0.78397275994057,0.92775109754977,0.688123933243348,8.22801905699035,15.1948128194775
187.130434782609,53.5553478260869,23.7186041384898,9.25271545711669,0.819825257098638,0.722120700934451,0.910889926695837,0.601515154832911,10.126574360601,23.8286572052688
3472.2,454.8732,120.721892047021,56.3505283972999,0.844613488384752,0.370361549347088,0.626566685806367,0.397936123780481,65.0951680334421,126.218407881499
309.0625,71.35925,25.159337210902,11.8396814351801,0.848634197233614,0.675591705313075,0.90407551658853,0.554783983250353,13.1305532034503,25.9320565614614
1016.25,132.878416666667,45.3233392140494,19.9856479216843,0.800185523008395,0.688361115873836,0.882379289821697,0.637347684940063,21.6731179056732,46.061446480519
267.477272727273,64.0434772727273,25.4008294792252,12.8507973800342,0.771466659488231,0.729758280993944,0.886810697205342,0.648798397388067,13.7790568131979,25.634935067811
1034.875,186.6226875,47.8614393634488,26.1424257473606,0.820388388559845,0.545749607720936,0.776282401727909,0.544651206006108,28.3533892658947,47.8144295522857
5157,352.495,117.033361640771,47.1058398854146,0.833795264638516,0.428354401829205,0.786911703436302,0.547023576417557,52.9403976560465,116.357373389769
34722,1282.904,324.900997643289,156.320605353283,0.876647589326034,0.263816446327813,0.780252129165637,0.478066914498141,177.680120578173,336.881284728018
201.875,58.3776041666667,24.5962154439317,10.6153010768492,0.828393697467366,0.675687630821423,0.881405606249051,0.607676656888755,11.6860352142946,24.7977721592318
1031,185.287733333333,73.2518036265143,20.0719132163102,0.925863718837152,0.434658434905047,0.737611042903883,0.48570859660597,24.1795519614704,70.915970489447
4997,731.949,114.072132157452,101.953389961937,0.448540585836972,0.116208389829077,0.468322399250234,0.359108875314409,112.147135496186,125.872951820477
841.318181818182,147.350590909091,47.7074588627596,19.1107668988024,0.875402335971714,0.596546541692181,0.833463631623891,0.563665959443542,21.7999155340146,47.5542668375141
229.3,62.3007,27.1188494067581,10.9508527898623,0.795109456703368,0.709371526420982,0.884088283898364,0.621072446198229,12.3252912398537,26.1472903049618
379.133333333333,80.5578666666667,27.3997445028188,14.2495424313986,0.756009938009623,0.741558909767857,0.890375467380274,0.615226467565102,16.0956581617694,28.2549797538492
704.304347826087,145.554739130435,57.04514656903,16.2125138612227,0.890146582933868,0.536241047418489,0.81483462297744,0.545809861312071,18.7311077135022,54.8864337121464
1252.375,217.064375,72.1383161042095,26.5841051816545,0.866127996799991,0.40858384179408,0.699569412511447,0.441388537269314,31.3703710169399,70.3974868877079
3519.875,375.9545,95.2941847684034,32.5605511255956,0.819864069383255,0.531538468519301,0.789442037699627,0.531492182105846,36.8831672692598,95.5346854693339
1069,184.284636363636,42.617985682828,18.3233058890565,0.847942002228106,0.570642658163959,0.83086303219806,0.596966368103412,20.4599002247986,41.8119276338097
90.044776119403,32.0666865671642,13.7091032819764,7.44889424586423,0.755306152860259,0.812673910228692,0.934568967852862,0.700281655498503,8.05321449774191,14.0458380360313
237.130434782609,62.4409130434782,26.9089379435936,10.708807164661,0.846876386435209,0.622550800873672,0.866018738026528,0.585287303164017,11.8511814723664,26.4117684405797
69.2549019607843,29.6677254901961,12.663687462031,7.16079666393353,0.725691820767778,0.814170426630394,0.929771887136258,0.694572421792157,7.5131923425337,12.9580145768971
251.642857142857,68.1501428571429,26.3443244868469,12.3822393739196,0.792347985544994,0.692101627525472,0.867769110975158,0.612615200072164,13.6648847658774,26.8989814332533
912.8,169.8445,64.495591321603,18.0181717954881,0.884546533150361,0.519519574354785,0.757797511413468,0.475305956011401,21.0268509372994,64.6086527421705
285.428571428571,71.0747142857143,33.6712881286597,9.54077829405674,0.890577842362903,0.603170556341716,0.884208841744052,0.68993593114889,10.1334529017582,32.0045577600982
209.6875,54.30575,19.1786833601936,12.4411530274008,0.679281367304619,0.837472556583815,0.926452087178733,0.718792115120905,12.8380163868666,19.5168154584466
8436,877.15,312.234960922176,62.7817180077613,0.97957645847939,0.136802277275596,0.427442237535468,0.13788369128175,96.6549146394619,365.075334691348
6503.66666666667,554.945333333333,141.887387507976,71.8114128769705,0.838505601188958,0.265396426058983,0.75416750615326,0.397052270686485,70.9896494278907,139.196371308208
17038.5,952.7425,286.34591605559,85.7755104361553,0.951207448467916,0.219336210507708,0.765674148221035,0.586934522596878,90.1078216509295,289.987027753389
704.230769230769,122.194076923077,43.4951829019815,16.7835532400019,0.843956451630695,0.584803278047091,0.792747620980778,0.562487383670119,19.8583315612379,41.5599976973532
698.526315789474,136.072157894737,53.9494578011478,19.0747782271858,0.860625275472329,0.500003155145441,0.782005736457613,0.492573207458037,21.379585715171,51.792268022305
1462.18181818182,219.782818181818,77.2456405656934,20.8879420496593,0.900433876851995,0.476964994877085,0.783185088042563,0.510996521405789,24.9942277972356,71.358417943891
246.310344827586,63.817275862069,27.0183553821506,11.2318919553515,0.862298577987137,0.655131340516443,0.879258423617322,0.612196858940354,12.4566004133751,26.9192782248787
1017.8125,136.62,52.4515407697741,17.62016268967,0.879271639978722,0.589375678014228,0.836358037699214,0.534198818375182,19.9136032333822,53.4045468322538
493.368421052632,123.864578947368,48.2334923052114,18.7518024413879,0.874671102633679,0.496717628906452,0.765042379705321,0.469383501864228,21.5008569460721,46.7980699151237
1311.66666666667,235.496888888889,97.1685013134666,20.7103846284932,0.92226894412449,0.417534068135734,0.786084329890466,0.378228943481874,23.2488704297892,93.9168383643644
3372.33333333333,385.052,116.729567689417,37.1803205747361,0.929412541730799,0.446763884985232,0.77906212828488,0.430100887011263,41.68761451525,136.902848602375
8697.25,625.80925,124.544403999567,77.1502242622937,0.840590832324324,0.363886059807797,0.741952930996862,0.509380213954143,79.2995088903357,147.147396849209
152.490566037736,38.4165849056604,15.8170940902505,8.71719577277899,0.716749708039053,0.829915524890436,0.935920174020139,0.718880318527874,9.19845635988292,16.1433767352749
740.5,126.795888888889,40.1083756760562,20.1096053440699,0.814939326761924,0.66006984867649,0.857323381055054,0.615304385138012,21.2863126790118,40.5524049078364
178.409638554217,62.7888674698795,20.5022321478215,10.6525258050199,0.732684237551493,0.67434022442699,0.834031018778328,0.618766942975732,11.1795081803623,20.1783715828986
62.9230769230769,26.6718974358974,11.6308201781527,6.61637508052458,0.757846346940671,0.840023288127718,0.942871531718158,0.7294681900079,6.98183813315284,11.9729321857717
530.260869565217,118.787434782609,46.2634763668513,15.8664831811631,0.858633043427932,0.551611557103645,0.816715824280486,0.53099066320295,17.6185842796562,45.6912519678066
248.552631578947,64.1753947368421,26.1273336031166,13.0977361929896,0.784614296722768,0.701244763597441,0.86770919406031,0.605234112236057,14.6028051503699,25.7995449305177
7025.6,632.6076,243.121739943319,45.8263469727582,0.91859985268985,0.225403973152905,0.691329531137603,0.496926615052645,54.6603209619677,238.082023228795
2207.28571428571,293.005071428571,114.560197437423,23.2469615201919,0.927690800011663,0.389863539789001,0.733263059111395,0.507392353263548,27.4190533552038,103.592647911528
5711.33333333333,450.003,113.817957793669,50.4671488665997,0.902513329413236,0.251677683100362,0.745462112182747,0.262245732728425,60.3648325855238,125.846198594043
375.535714285714,81.978,29.5524032110742,15.4925093781619,0.755999239608432,0.669534693498161,0.847271218969065,0.595648366477515,17.1648460388188,29.7253491301576
830,101.6211,38.1211448863155,17.6254552277674,0.866608305694802,0.605237860023589,0.823893419367037,0.564817566699959,19.2034717700039,38.7962268192095
612.2,123.810733333333,56.7456116381175,15.4903030032735,0.820152201290611,0.680875302314833,0.890155752598388,0.54639945997109,16.881488534839,54.4324757887619
439.68,86.31316,33.9333893401973,15.2681725152812,0.833163955324778,0.657916352388356,0.868763636782324,0.619672063315252,16.5899774418114,34.3034679775496
3563.2,359.9458,112.347935623329,44.5807414025522,0.89450092764323,0.334260185771144,0.710940542667545,0.45752808356458,49.2702250181055,114.572396821654
1621.5,252.114875,78.4106945691507,24.3040675876045,0.859355157509339,0.497672007727829,0.765283022653862,0.489627552048468,27.1997472139986,74.199638819691
170.964285714286,52.7720714285714,21.8792110586649,10.1488320801121,0.825792182587994,0.717744881271653,0.903489294921528,0.638083621572271,11.0615430120935,22.0928102074798
458.793103448276,89.4596206896552,33.7754548167804,16.9205760922592,0.7605434887557,0.674640504395667,0.86035718125148,0.598849683706079,18.4815829994231,33.9451075418167
108.392857142857,35.4948928571429,14.7462586369242,8.5809564593085,0.753149218462083,0.820763877751718,0.930237336674047,0.689652732444024,9.2972219487184,15.1887921613521
209.555555555556,44.9318888888889,16.2546039167608,10.8016533358607,0.651857132381493,0.84219407312037,0.930854797253047,0.719202200834176,11.6631200180138,17.1269909709331
1233.36363636364,213.377818181818,57.6338825215764,25.9153666570837,0.717928344470611,0.609645620184529,0.786715380851431,0.563643773516968,29.2434205972189,56.950437204462
13118.6666666667,832.328666666667,134.005757543118,82.5493092633245,0.852338450880825,0.320807916557932,0.706027812954533,0.504142598854137,94.4006868725655,138.802369319282
1114.6,202.5823,74.1987041627896,25.8867503103673,0.899631581847703,0.439837144999203,0.710122389401588,0.405589608936032,29.8864221201234,72.0434796842375
934.2,147.3778,52.0635343406104,19.5526902931186,0.935977938590631,0.40599125010696,0.794770210240705,0.591211099500755,23.4226529237249,52.8316314626759
108.541666666667,38.0374791666667,16.3693428459014,8.27844014439179,0.730870313014334,0.789502143697934,0.925716062752265,0.676418873556445,8.95729821157554,16.5707239079051
962.235294117647,113.164294117647,40.5842274655478,20.3009534782356,0.861205825121589,0.550552015253721,0.804541729778044,0.5503946951637,22.7494568331884,39.8779361229545
269.483870967742,70.1281935483871,27.6049092947119,11.3785160747027,0.837989736597749,0.660592781715441,0.877349196656612,0.636089409319516,12.5735943958376,28.076231920351
28135,1725.978,268.079686483788,190.1873703303,0.704762392593923,0.118251516743054,0.688385407746324,0.456299972429005,210.720515810206,283.804510182626
1721,260.475166666667,91.9153313218529,32.2095214678038,0.914269384724168,0.349809241136944,0.67703340764943,0.337140753685161,38.347741343948,89.7947357973468
1098.33333333333,187.782666666667,66.5822844031754,29.6336100403711,0.902002229050943,0.389728259954429,0.716157365358864,0.361677757602246,31.624763419423,68.1925170452669
3097,474.4115,111.291754282404,48.9803140419728,0.896029911719566,0.249754017189175,0.581237063407213,0.299605985908674,53.9982594741973,113.370092223497
624.153846153846,131.998846153846,51.6402770197977,19.1059188286143,0.900558707760145,0.441316979195309,0.754745675067018,0.430471617706408,21.3285832909483,49.1448301360858
1162.72727272727,149.167636363636,51.8675249210988,23.3990807648656,0.796258270437902,0.550638924924699,0.82852212127217,0.591411740616716,26.8834757560113,52.8268996048329
1213.30769230769,150.368538461538,55.6263571492435,19.3481845223596,0.891077989469726,0.54421669921793,0.838557412365182,0.447491326068804,21.8042735333007,55.717488545829
190.821428571429,55.4694880952381,23.4951124913651,10.149799956068,0.791864610272246,0.736684125466953,0.90304357954716,0.661038105623303,11.1029393516289,23.0398529630886
115.941176470588,39.4424901960784,16.1669996320656,8.75270530347693,0.752735285453783,0.79182693729551,0.918728137286282,0.674424922945717,9.39173974613782,16.3541609581087
203.025,54.16765,21.4745764715378,10.6723321599335,0.792311956173422,0.74361653307123,0.893219960891205,0.650614894791775,11.63009601154,21.6706291899923
105.777777777778,36.3880888888889,14.5623770271186,8.26555643552453,0.749128582086823,0.79950142563772,0.929560917654909,0.698782694342453,8.81276649319546,15.0279440951225
364.8,80.77068,33.5211248784807,12.7248118621697,0.822328807468862,0.658767157962718,0.868183508137365,0.601686850296025,14.418558385424,32.3438123910522
1190.7,178.7969,55.3836092047744,24.9556436579814,0.881016143826266,0.509650583680516,0.777005428077645,0.512890380328233,26.7510338150285,57.9337133737587
210.722222222222,55.5483333333333,22.6729547262067,10.1386637910005,0.789561767179327,0.752904698676868,0.898932736340576,0.681344905443668,11.3140828092184,22.4829408531364
699.192307692308,115.747730769231,40.4129610596497,18.972286348795,0.808901516651681,0.625384757506645,0.837364970039118,0.545356739953694,21.2873815423194,39.9218110158495
248.384615384615,71.1307307692308,27.3117071786511,12.2572782137335,0.777008782376394,0.635616731642856,0.840903500298288,0.587868231386478,13.4976907804044,27.7696978855015
940.0625,175.1073125,62.121610542617,21.4932931300327,0.866937238303434,0.524485325962737,0.760418531263732,0.528851654353476,25.806039542096,62.4598641541497
2405.75,199.96275,63.3244388401195,29.245919068301,0.876341101088863,0.448661900735397,0.730358663144789,0.4720562201813,31.8951858833364,65.0833446437463
434.85,95.678,34.0673423967868,15.4295920931389,0.757948816730768,0.675068674969742,0.858191761580111,0.601544150878085,17.2553893956043,34.9054998248056
7186,585.3635,144.626858779201,57.3543432471688,0.933864854071741,0.220077297960105,0.718442568824963,0.480006628970797,58.0753103506394,154.498631792185
82.2954545454545,31.3190227272727,13.2262840817107,7.46329059520404,0.761816946293735,0.823873577199044,0.929911103291823,0.693724368655551,8.07911419852251,13.5596621954287
18293,904.136,263.197426456757,94.6056725598265,0.933165286590295,0.279263661724323,0.799973761315433,0.423802242609582,113.235204570438,264.518430359777
1042.66666666667,165.822066666667,60.4355673267828,17.3992270528606,0.853117482324208,0.542424986573807,0.824242054039322,0.576781801754166,19.4496451203883,54.3585317587131
11005,1068.213,188.304910138625,113.97921230487,0.796004497020573,0.120485126943103,0.635099261311173,0.456487473037996,127.95353689884,194.743420941504
606.833333333333,97.6389166666667,32.9945708453424,14.1984927685201,0.887096117776684,0.651495005066533,0.875327107382295,0.591406114582415,16.0002816283354,35.9934702239897
110.946666666667,38.5865733333333,16.2883078195485,8.75303118960982,0.742763438032212,0.783491207761576,0.913613597666783,0.676447860069722,9.42082176171467,16.4041961120712
740.9375,149.7431875,77.0261687735827,12.1052546672408,0.875053499524745,0.522183735141682,0.851110970383228,0.615699521284741,12.9992480929645,68.8873547692587
159.340909090909,48.7326704545454,20.0544474036365,10.2317534758838,0.778495589795714,0.752701619541223,0.904412129508297,0.642590126630863,11.0301179353374,20.2843419494432
209.788461538462,59.6983076923077,22.4798095934695,11.1067442691424,0.769178372157495,0.723564242579228,0.882165655074006,0.623012915806419,12.1862549182331,22.6046215094052
426.925,92.540925,30.1049755269938,14.9232674619427,0.792443593091684,0.689223502942297,0.875873898569315,0.629834375409385,16.3406192264269,31.3577484083481
180.28,58.17244,25.5599769998462,10.079747304235,0.817785919467792,0.669016462676257,0.876111804544916,0.58222872806178,11.2014770485299,25.1754642367337
321.285714285714,78.4900952380953,30.8881963410927,13.7340349290531,0.756106100803922,0.684220620278379,0.850387282644857,0.608879962813998,15.1728592360898,29.8603732165435
578.888888888889,112.577666666667,39.2201638674719,15.0734960104712,0.834152950095021,0.661318552260998,0.853416779154479,0.580604456809183,17.3815486139615,38.5992716421148
13381.6666666667,679.639333333333,241.131204847198,78.5197368359975,0.891392270301223,0.386540215456998,0.845791551120251,0.576933695824561,87.8850055106621,246.123161013691
694.333333333333,126.252,40.4474560062924,20.6123794654247,0.760853408801072,0.626531666628598,0.816051229377934,0.587257141529225,23.6236724228119,40.7803849101975
280.133333333333,64.2495333333333,27.1343617961277,10.7709130623166,0.840825229589531,0.709587209625452,0.910304997117839,0.63199040482817,11.7053133910039,27.4172842929943
4521,624.81,109.008330012157,26.193589237072,0.893394883184267,0.627740639308183,0.880786328559189,0.594601850723839,32.8226444715272,104.789178158386
2249.33333333333,373.374333333333,149.63812836686,27.7971631823436,0.945855730950746,0.283834166648482,0.640623758032337,0.351259076253401,37.6209419479185,144.55232912702
1400.22222222222,130.743333333333,44.9305190304235,22.4094401890369,0.788337692951132,0.63807268775649,0.874596011608387,0.577062065342689,24.5890018503963,45.9012890319801
5674.6,307.2562,117.485828349185,38.9056620001525,0.941406599129076,0.359207713463029,0.769865054604633,0.375373526417656,42.8266448718834,113.196494756337
1825.88888888889,215.579777777778,64.7784466756296,26.2638373720779,0.903927363583566,0.430242163160391,0.742415518996568,0.370298135113517,29.3812463148779,70.0530595970932
780.833333333333,116.842333333333,39.7146787912558,20.8871133371427,0.814277407322555,0.578698350786593,0.862402417865636,0.654079613801836,22.9954712837089,42.0439770345499
609.586206896552,105.373827586207,38.4657302564308,18.2133948189977,0.815183821336709,0.626576110511396,0.83089549797344,0.560643756173813,20.3981986106337,37.5978889102087
4931,508.329,115.939730100031,78.2434040283549,0.737943277641738,0.236866437975699,0.542822545134302,0.346497083831073,84.8398400607784,138.032604843928
5729,428.2145,113.100548787982,54.6850889659669,0.898299439239515,0.259880386783989,0.754551312095323,0.572813798510187,65.4390829767442,114.597260799354
270.06,74.14952,28.8739328514905,13.4099184076737,0.796318216098611,0.642311738745604,0.837473759375739,0.588541144299295,14.8924160594832,28.6109695396519
484.230769230769,113.998615384615,57.032019617422,11.239333854506,0.894460970427503,0.51495206344336,0.852193991414579,0.614700142202943,12.5815746958357,52.912261635215
329.382352941176,72.8694411764706,26.6743299985049,12.5078603910761,0.801709527643561,0.679089581882539,0.870797421537651,0.621017703348249,13.8757325586334,26.783338914266
294.642857142857,72.3431428571429,31.9244389619486,10.8734819245502,0.819600181211044,0.671163047737433,0.880530896054732,0.586998409107326,11.9267765263072,30.3692631954209
29575,1402.436,327.878482904881,137.015607051196,0.908499781762347,0.188115667118161,0.688238853206739,0.450508774067755,174.849222412505,373.033510559038
1568.42857142857,195.755857142857,51.803540654195,30.5850376453156,0.786042211280133,0.532198416675781,0.791132193847275,0.54208918549367,32.6958018986257,57.7376969723752
791.388888888889,142.239944444444,40.9793051205325,22.8810297842037,0.795971307713928,0.644155061260745,0.833784298549893,0.6148365007232,24.3791093335731,42.5918676822443
1514.11111111111,260.895611111111,67.8700460342869,29.0626090155478,0.853528653165772,0.498928406324522,0.745640939979711,0.490513919818366,32.1846047823317,68.1691266106752
65.1538461538462,27.7684615384616,12.3733592679105,6.65996914329753,0.740712949596958,0.822886086886622,0.934984719315992,0.687531679116892,7.14903089975945,12.5209049655108
276.121212121212,70.0310909090909,29.951779491395,11.7109949835101,0.835394255239133,0.654148212755994,0.867739663048963,0.589063087677356,13.1225993216518,29.1982200315869
969.307692307692,172.987538461538,54.1580895151027,26.6479034390129,0.830508438635119,0.528781612293312,0.7614890581756,0.528029625438685,29.6272296830552,52.0735695455871
1477.22222222222,198.247222222222,75.6394422959816,28.410885112658,0.857800770082412,0.457265483358121,0.726269661846317,0.453863106956745,32.1533832603753,74.7290592552588
1114.61538461538,191.315846153846,60.496081522995,25.2938627952465,0.908934605828484,0.446300619230228,0.737411729461775,0.458871280309845,28.6127266247315,59.0046101079779
1861,288.24825,80.5974474488499,39.8218430404779,0.863749869568666,0.252393314401719,0.600482799678982,0.307003118511475,44.230841574934,84.1992469374922
112.612244897959,36.2174285714286,14.2877018020571,8.59121805703425,0.709148913768878,0.832508118840206,0.93569308178128,0.729709192286868,9.1325379078092,14.6906106872419
150.405405405405,45.7488513513513,18.3950618562945,10.1747062080083,0.751852712577866,0.774845389615318,0.912970545141538,0.667536129269409,10.8386643162704,18.7363984844982
1127.85714285714,139.677380952381,54.6088563173808,17.7832140846979,0.844006588791943,0.620938640833918,0.859748941014267,0.582736394005492,19.6596058607439,53.4105093356598
124.563636363636,39.6626363636364,16.9081399320913,8.57608247958922,0.767669192712695,0.785421133787371,0.924622975080466,0.662395936378063,9.295839906525,17.2052428557578
1123.8,170.1886,59.956803285494,20.4690834276533,0.934050907546438,0.451993900773815,0.813071590357746,0.516110839517336,23.2385895446818,59.0138347046478
53360,2825.041,560.221441210242,181.855144219127,0.945846933516665,0.0838321868198203,0.672395977721213,0.580921897794326,173.159235639083,500.140980124604
2024.8,295.797533333333,91.9100004354306,34.2173915990758,0.839225147800139,0.380267715412417,0.71050926725869,0.429701541361891,39.0162686635372,90.8560039316177
172.339622641509,44.4223773584906,18.7001658152232,9.66404885505751,0.660907321597839,0.827679208768981,0.935296954923131,0.718961369638045,10.1904450191084,18.8247656261042
1361.5,141.9165,38.9140103034565,25.4980988652226,0.618459178767389,0.76772756891386,0.886544332358098,0.685433607228479,29.1870090457486,46.7574753878117
17970,680.206,232.117178644113,107.752720113022,0.885721546384878,0.483586984516039,0.884219849431678,0.620854063018242,112.087101290436,234.087590444261
3046.33333333333,445.089,169.878749838031,32.5472407591629,0.963670806189136,0.189715059118389,0.587947769345538,0.276284929968472,39.6952574824867,168.665206536853
4075.6,394.9386,119.204099603182,31.8820271636154,0.911819713555076,0.424929378230071,0.778503532578783,0.401386054259337,41.3326763717692,123.155800724514
576.625,137.007375,58.20697919998,22.9137684669147,0.87029039806379,0.496198504214004,0.746488098802078,0.547464496391045,23.2245808102254,53.6377294159651
7220,1190.255,574.240476337884,41.7191266535752,0.997357426804652,0.063705580071995,0.443107892475758,0.0989041095890411,47.0868303908588,520.047113250328
1166.55555555556,178.999111111111,59.3251039328626,21.1194252180603,0.837759227238908,0.475796189991543,0.763765905303312,0.480585749481516,24.4539944250134,59.2808650069835
960.285714285714,147.691571428571,56.8182958330904,22.2996460996836,0.833417347513369,0.551575304723327,0.821946459940333,0.511528063848705,25.4662295173423,56.5987474656181
10112.5,629.3005,183.646917766456,73.7334173833396,0.913601404250257,0.303079365350844,0.760219426784069,0.508335795457775,89.7383403926722,191.756788699927
528,102.501571428571,40.0218472462527,17.3345937355883,0.800646033029311,0.634417818187572,0.881236842348045,0.679289746201511,18.9443274546598,39.876825464025
796.681818181818,130.344863636364,56.3892955196432,16.0481035679609,0.932035906861613,0.496328332507373,0.806553572456244,0.45039707370128,18.0898403175559,54.3594581184232
2803.14285714286,342.135,70.6286981312752,45.4932056633068,0.775883526072881,0.44377398653873,0.704041753888321,0.460153246963812,50.239012535241,76.5317270688518
564.47619047619,114.440666666667,37.1370877651446,20.4057564023766,0.78901995836936,0.610078880713612,0.815642559019065,0.565780684066427,21.5694865278425,36.5376382540773
250.776119402985,69.9976865671642,29.4871129180764,11.8597989101384,0.833098679176762,0.644748096713317,0.849382587337506,0.599530199758596,13.2164045905415,29.285141136823
1853.2,166.8794,57.7474974962161,23.4453567898654,0.823186886901907,0.671144668005509,0.891424561367427,0.642073389878244,27.4976305628274,57.4262705115
509,85.077,30.8221150688641,18.7063486597963,0.789458777136938,0.636289726604915,0.835937966655456,0.567564192065062,20.338376389955,31.6925970761658
630.363636363636,132.964909090909,56.8613100880686,18.6175378045298,0.895018042240256,0.476942795307592,0.782558767513921,0.467808985500449,20.6231167716348,55.2987385390808
22778,797.085,274.620364538775,129.656948744172,0.881528084537326,0.446991735677804,0.776928849171158,0.595472132176095,145.87183965031,273.08057419011
105.380952380952,40.0149523809524,18.2750399136627,7.44972222340221,0.809347721603293,0.679570082537172,0.89739309195964,0.64488351493956,8.08948424351903,18.2536739441342
854.727272727273,154.809,46.4772038203177,23.7748706012811,0.831806508637452,0.538685765074994,0.789750835831455,0.48807815734417,25.2719859122399,52.8211536377887
354.65,71.76715,31.1450052909965,12.0187985522281,0.819721790541507,0.67927463381257,0.887344248050585,0.641819411207065,12.6881106702278,30.6094010699394
546.117647058824,106.122088235294,38.4447174640345,18.1503534638453,0.784149596420699,0.62696785525094,0.821590715929449,0.572877477090168,20.2909784673901,37.623029773122
493.137931034483,111.297034482759,45.5340907888121,15.7590139278906,0.888343678898881,0.561025087933909,0.811093769862233,0.54593796537795,18.0172781390382,43.6831477333849
278.452830188679,74.2874905660377,29.5771889401511,12.2696910375638,0.852508659901681,0.619042528145945,0.843336112251337,0.589549160078074,13.7455070319916,29.4239274459243
281.566666666667,65.8786666666667,26.2573167899496,11.7293201069915,0.779419437901394,0.736361325450891,0.88939551148916,0.650411685138961,13.1784340326748,25.9635290354041
3335,546.058,121.013508584116,96.1428885791711,0.607289492762476,0.138945757051862,0.458734525447043,0.306582092296378,95.1290496245717,121.016527796826
1225.66666666667,211.523866666667,58.3710283631859,32.1209518663015,0.814716460909943,0.447195994178708,0.708465776756563,0.47833786311457,35.0799862974798,56.4927626228081
1767.05882352941,245.304882352941,65.6815266305842,24.7732937224258,0.77675888414804,0.52339779667475,0.766391647235566,0.530072818965285,29.356081515568,64.9598248280599
1080.90909090909,132.868,37.0583523866587,19.2829182564905,0.868287737433819,0.659084478803088,0.894510261138318,0.668363787600056,21.7629583654398,38.8359017794009
2743.2,337.9912,82.068206485941,48.3725224539163,0.813311588973761,0.486979532431257,0.74419735334703,0.537198601919732,46.4882995407589,89.4410140583394
2140.625,267.35325,85.5066714400199,30.8214265929016,0.880055588794506,0.409454948233245,0.757007375177516,0.418459913323168,35.4165874512417,85.411534535748
257.21875,59.9093125,22.2658777472396,12.748909494154,0.722436024037174,0.752024723587031,0.887301698393368,0.653338346658365,13.7077643936892,23.00923521779
303.75,60.6192083333333,24.0312527927139,12.8173742881221,0.768902070772809,0.722888804411419,0.901730265671904,0.619872727108768,13.7090111797427,24.8953157587489
434.576923076923,79.0623076923077,28.3030732275673,14.1756041916851,0.813924686325419,0.672369080079336,0.860551442241775,0.600416139218496,15.8778669665793,29.0094772577619
397.035714285714,95.4193214285714,39.5070238294296,14.1830745773632,0.8540709180754,0.592344998364263,0.832620810654229,0.532520623092078,15.922142875765,38.9022417712239
179.142857142857,57.7551428571429,26.0772644097129,8.81924814640123,0.835820558237064,0.661335731003527,0.8909619238917,0.631168114389044,9.52728569519717,25.9730537649452
11732,659.618,199.665284216406,87.995869567918,0.897646140926009,0.335637033253452,0.657733923866121,0.44412477286493,106.474375317544,208.865985742054
189.285714285714,54.5138571428572,24.4181610867715,9.54094591149091,0.825467591761507,0.703536973524596,0.894189688944067,0.593344891939924,10.6997408765813,24.1550208890647
173.027027027027,53.5811351351351,24.4931202114915,9.07777354642712,0.854068246323078,0.697110690310627,0.905785126050701,0.63284797368708,9.87082891149417,24.3083540694392
1500.33333333333,179.348833333333,74.0742611533102,21.2390576250893,0.887605929777187,0.472803611797907,0.773479472965226,0.458109241868583,24.1914558677864,69.7233221244433
248.684210526316,66.6508157894737,29.4314137061451,9.97941730923523,0.789826209293148,0.715195043594436,0.893806418962701,0.611796231231299,11.4457121246498,28.5545767876687
490.310344827586,108.792965517241,39.5120628324246,18.2627989237114,0.819744140240992,0.586475843013172,0.809769302505871,0.560081601251272,19.8387307306252,39.5674992694737
173.886363636364,52.3953636363636,22.8380746750738,10.153163560065,0.76228942091401,0.736188899484771,0.90292676971989,0.651030743007372,10.9732722366428,22.5369785099122
2272.66666666667,201.273666666667,89.5877552680922,30.4503412650344,0.924584476180599,0.503298433467219,0.841687425448786,0.573557782087194,32.1240204338865,86.5375134176208
77.8493150684932,28.3584520547945,11.6272146575808,7.70535093651004,0.685505494160303,0.876554609167952,0.952162229752155,0.726948067849503,8.13026765203255,12.2411230865461
1480.4,242.5614,97.1198172038102,33.1352936721961,0.941503316947798,0.31990782513461,0.620291255624664,0.331357051294146,37.59980901813,93.3108574417786
12516,426.85,145.021189603,112.325768845255,0.632516008868449,0.850658978280369,0.950053134962806,0.724305555555556,117.009762191134,147.271857460956
25020,1055.831,324.996245955918,105.470096512801,0.94587639085823,0.280367538592753,0.839146766836598,0.609114811568799,113.349920742595,330.77484789506
654.846153846154,121.262307692308,31.4535840437449,18.7331108456935,0.762329120420441,0.693913169198506,0.86983791200363,0.616527408225913,20.5727033786817,32.2141144030432
60.0857142857143,22.9086285714286,9.47278391931425,6.10938799406785,0.695529561131474,0.869204462503297,0.950044884655559,0.737317844202686,6.36713493315287,9.9690777175021
858.666666666667,104.607,31.8795866295792,21.5457971058806,0.796277917011494,0.671951671152547,0.899120283284969,0.599126287343869,23.5842932858995,33.8381932735565
284.02380952381,66.5178095238095,24.4408665867023,12.2704540101501,0.773253926209695,0.728420962120318,0.883666070403947,0.641576021431282,13.3547776257766,24.3277964027427
501.9,94.225,28.9941726118866,15.9397342745068,0.755862713802998,0.682504726177694,0.864010341527117,0.633151187091444,16.8059580251363,29.923126824071
411.153846153846,79.1163846153846,28.0164653186837,12.645536502271,0.803786425742914,0.699489250990887,0.886145838114164,0.675467687274136,14.4294150923641,27.7822084380407
837.133333333333,127.3694,48.9255035127036,17.3871987972555,0.734549567746401,0.665811621167877,0.84196124417737,0.619844765353517,19.8277132449506,48.5975687122897
524.125,118.797208333333,47.8650794516718,15.9216766160278,0.850589044122411,0.572952509861962,0.807902479459613,0.508187191327741,18.5046900286784,46.9336343471102
4780.2,508.2546,184.996324637301,48.9860057455556,0.781557226900542,0.296835542469092,0.710705346378043,0.390031015433425,54.3087893458142,194.921408277384
4209.83333333333,431.653333333333,109.17902597763,38.4360119668266,0.915904541934285,0.436683566287155,0.732648548981349,0.483094858637085,48.356254326372,104.753961922182
4452,529.6605,156.278466420483,63.4933199341635,0.900234409594589,0.380110152110719,0.631025281490614,0.394811921557685,81.6100895675718,158.096143540753
486.8,91.9894,31.9125104516965,17.7042241748315,0.739394653126912,0.661978850012605,0.853402675946683,0.616030030742602,19.6490426978566,32.3240781635581
437.192307692308,78.1352692307692,31.7750558413252,13.7657804055997,0.827352297423244,0.653280543481015,0.8593369633085,0.566083627752183,15.6808506437848,32.1644556662107
2043.85714285714,289.075428571429,130.476477473422,20.6781393814879,0.979536034945934,0.294855096954728,0.737327389049273,0.31955694929785,25.6948370883368,119.160924072175
402.75,82.221375,32.6666566285006,14.0750558244907,0.839948589292651,0.618553133949736,0.858484692461982,0.55050126699651,15.280572187188,33.2949195137104
561.137931034483,121.484,49.5044581967627,16.1297691639633,0.86420176469541,0.577932724782606,0.806619685941625,0.534110522472005,17.8580431729387,47.3401829217476
213.727272727273,72.8295454545454,34.6431170984606,9.21503314844243,0.888518001002362,0.561804552536498,0.822956457046651,0.507985436093449,10.6793993717419,33.1077596554447
477.4375,96.0293125,36.9974982345212,15.8649083256702,0.870300078637011,0.63498714913585,0.853154017844521,0.593702521503662,17.6943051222427,36.4349830741298
1786.71428571429,151.698285714286,58.738651874121,22.487397061065,0.867027960286815,0.528526212575881,0.811993161786444,0.451895813637353,24.5422849044587,59.8744039900054
12054.5,542.4895,136.663002751765,115.726944720084,0.373067740969502,0.670338491178678,0.933460562987569,0.698811407971982,120.147228378858,145.568514455881
1552,187.915,51.0450891636932,47.2027994063852,0.380629726298721,0.534290589019201,0.832171581769437,0.524678837052062,46.700591730287,60.4400529450463
4426,341.005666666667,138.072439791115,30.6562106965352,0.94167392614061,0.421752708839353,0.771348485269027,0.471285976144965,36.9954954870493,133.33340634035
661.3125,144.7735625,51.5741383700495,18.0549933549459,0.852992388743235,0.530524932635273,0.792230684117979,0.501393760191717,19.8858980551417,51.0267322089423
8422,472.83075,142.924025078039,55.8880170505979,0.926729084667436,0.339506889873,0.78572878527646,0.586425643764971,59.9991902682199,146.577617031664
354.366666666667,84.0832333333333,31.1447670057553,15.2009078611553,0.811964940010951,0.660226472325912,0.858445028978868,0.609028138721697,16.5417100728591,31.3004762936042
305.148936170213,71.0227234042553,27.7126646534105,13.9072580638437,0.80063737996129,0.691943323705994,0.87856822372891,0.606158116961912,15.3648852840334,27.902575780438
250.529411764706,65.841,30.3784256583749,9.88582655020376,0.889538139191068,0.644163165254234,0.894313461793206,0.569409941147059,10.9486388992362,29.8199341586946
980.8,209.2321,95.3822030532565,15.1991051891429,0.939299497749123,0.381508044845242,0.781251063583116,0.436826717981034,17.1384911576809,90.7918710533383
1008.33333333333,136.80725,45.1941570588509,22.7949381284739,0.781018968819283,0.579100578990505,0.800125710120697,0.51003139475113,25.4726472921688,47.1494593150084
598.809523809524,145.352571428571,51.6872627595133,20.6363120052753,0.877849899863103,0.534827900505478,0.809419054868312,0.523903722895865,22.240871628425,50.0844589231706
2974.5,355.4545,73.651006272522,47.2512806101745,0.754932422975351,0.528536369065856,0.810391840358048,0.531103798450523,51.5094041244739,82.8491235510068
1159.71428571429,188.011714285714,82.3398654504414,20.1973368519188,0.90182253234597,0.444337027559456,0.790030241506703,0.388285956879891,22.7193244145494,77.7566896561883
3217.5,238.3815,83.0370103212922,40.5777669474464,0.874004494398108,0.64415043984107,0.88276176496753,0.535839866378312,46.2872388345844,81.5617629215751
1361.55555555556,236.446222222222,92.6093065118393,25.6408361257054,0.882801931724858,0.353064621372721,0.731203471618517,0.475373017103611,29.0690733599274,86.474592471254
115.45,36.8186875,15.536711686283,8.52759221905326,0.699015311919816,0.841360903399379,0.938157351593628,0.704330993020345,9.13831495263029,15.7003078713646
2001.28571428571,322.263428571429,114.886196632875,33.9140217139713,0.910740364274093,0.389290373542617,0.691775174927596,0.390036037992965,41.5353686174648,111.348642307391
14556,1449.236,260.246275353568,140.171987563219,0.842553381046485,0.0867147209734251,0.552556656417265,0.366539081385979,146,272.470181854822
204.369863013699,50.959602739726,20.1953518272275,11.0346237489533,0.764598226534658,0.782257190391995,0.914174395360809,0.674857817094991,11.8058291138526,20.5673787062281
380.105263157895,87.3591578947368,30.7617387364843,15.7208191212285,0.826655467132331,0.62494954032907,0.851751803662262,0.594916026285307,17.0276825385838,31.8946594000912
2830,408.78175,90.5376532957459,54.0253314978409,0.858071790208503,0.399508072971303,0.701573497876251,0.501144207638812,61.9574823124089,93.5503388428611
196.475,59.1455,27.7543929601102,9.35223547845045,0.861552082819459,0.66820826034054,0.897602907320999,0.593076873686177,10.3430598380594,27.0547193677117
1310.33333333333,210.353333333333,63.6551889429494,24.8263520744162,0.888884437171776,0.426268462437951,0.719963455888584,0.443509060515679,28.0540898388161,66.0676761897843
6082.5,562.47,163.706515375021,64.0621135367346,0.919913724254454,0.210075693474994,0.621190235592459,0.305323983457001,65.9780999764884,172.872684932641
1621,178.895615384615,65.1099282719933,24.1933582974273,0.910933111990625,0.512951053380229,0.811564909514456,0.526942099317941,28.3180420497789,63.5722350684816
3350.71428571429,441.506571428571,100.102173558529,56.1779114736261,0.82959658607111,0.286226115810899,0.665408410860718,0.39536669100754,63.064413001883,105.948277341542
48.7714285714286,22.7524571428571,9.99040203846137,6.04486082873675,0.736572612569335,0.850664211381959,0.949575966430154,0.711432616010991,6.45535052670548,10.4657937230404
10042.3333333333,537.679666666667,179.946276123175,49.4224469392404,0.957511592258729,0.290995578357602,0.666310958043637,0.294622289070883,57.0478118495198,181.488481336056
229.32,57.6586,23.9183365004112,10.9325130789868,0.797297178446092,0.728806739642147,0.904806016838197,0.645611839159066,11.802845792911,24.3121452339612
378.090909090909,70.2879545454546,22.893849258956,12.2356547378028,0.791897176303058,0.749461194021609,0.908937476517099,0.678228277414829,13.2632821890091,23.9180644459399
431.083333333333,92.5253055555555,34.6767533757512,15.8461852519753,0.831179921370982,0.659125771232325,0.865573288737658,0.592159425943405,17.6486417640786,34.6899812900069
346.510204081633,79.3472244897959,29.4440896566105,14.8146585929486,0.808955161349436,0.673035719970645,0.858288852921667,0.59702472881808,16.3204158363362,28.9691270906918
224.653846153846,61.7582307692308,26.6600338492161,11.2310830185269,0.836144102054967,0.689143440707558,0.887799838560051,0.627866629217315,12.3202161308023,26.1369259415203
115.952380952381,33.4580952380952,13.5827360840428,8.22137660495979,0.719213685986049,0.845338511188871,0.945046377798069,0.706235890678709,8.75654254576395,14.1954052318667
1096.75,282.2769,137.303823601694,12.7440907545414,0.953981723843132,0.345651772553337,0.746765922490407,0.278093334004183,15.8011369172715,125.712768667766
876.894736842105,135.088,46.2276796115499,17.0802143513271,0.9151540985863,0.552427475725203,0.819155929633333,0.559712719135545,19.3849492190455,47.2785835224358
1974.57142857143,190.929142857143,79.9194994280471,26.4562295678377,0.782148964635779,0.587276583511082,0.881573051626236,0.676535360588334,28.5894749124778,75.4791539313048
5269.5,574.267,131.797783078185,54.6947335744024,0.932470633185508,0.2706215506542,0.702461828771535,0.315574088074088,69.0285974902372,132.270301837357
147.307692307692,46.7806153846154,18.7515080648098,10.4244982404289,0.717972413198653,0.76940938720332,0.89196983826781,0.653222215282257,11.4304274217759,19.1046821885036
331.755102040816,84.2412040816326,37.5975286125135,10.2343471900709,0.885987666532633,0.563371073903491,0.886074908032717,0.711432144650171,10.9172042814534,36.305975262765
521.75,111.777166666667,46.2360053779149,16.0335832878136,0.836112814251678,0.564610338134358,0.819582944911527,0.520634381052837,17.8789318176338,45.7923669786264
476.761904761905,96.8863809523809,42.0536063356522,13.6880823322104,0.886174427071453,0.587870757288468,0.848148555584817,0.53704828939226,15.7868962079283,40.8139798798096
187.807692307692,52.5389230769231,21.7989577038411,10.7548648016958,0.767245466284995,0.758428932626915,0.895793448818928,0.660504457249726,11.8418451819838,21.7804157106754
1463.04545454545,266.525590909091,93.0418740750409,25.6356161400822,0.890495277805408,0.382516361790985,0.799026750764421,0.639033556873975,25.4268897834905,87.8830626087209
3485.75,346.2945,91.7144567530768,40.0071995087983,0.906502331868593,0.37356445324744,0.730031977808099,0.452244397857929,44.9036621333847,96.6132874620819
2298,363.987,140.803983537771,34.5093748006622,0.745155848184288,0.615971723801316,0.732903586790717,0.506358856494305,39.4565876737969,141.549629475304
807.777777777778,147.542333333333,50.8466086119956,21.4716103717419,0.88202498095129,0.493458967093862,0.789501294454567,0.519272287882866,24.4709817323512,51.940922661848
1128.25,168.7613,50.136614346589,26.3737167968365,0.808381127328001,0.606855016952975,0.824873124452677,0.572356117710143,29.3062488633326,51.5269756328063
334.166666666667,78.683,31.5670898060188,12.7758303325956,0.85654686701155,0.620365824776363,0.851529504282211,0.569707201634326,14.4765966706008,31.9098524703649
931.068965517241,167.048344827586,41.8473245556427,19.5398561501998,0.777912423694208,0.582996546837035,0.795221269364413,0.554378210305075,21.893017533179,42.3596297231139
124.797619047619,39.5116547619048,16.2214472502596,9.38504235978147,0.719704101657292,0.817975815276016,0.926870659080349,0.685764348212103,10.1258293368206,16.5671032257205
492.275862068966,106.479551724138,43.874142387608,14.5604542242692,0.860009998508007,0.557547538457143,0.837055654649404,0.546387111668163,16.8030654484142,43.1576293209053
181.507692307692,54.3634307692308,22.6150244975634,10.8037170900502,0.747229941806179,0.736169529922003,0.892044868105259,0.647233146728117,11.7894265744691,22.6545610670213
845.44,151.32116,38.4733094061119,19.7621337335393,0.790916222358573,0.650917373401377,0.83280233288391,0.582267249688335,21.9142784706617,40.1322564339811
193.604166666667,55.8244375,23.4090994126515,10.4822473780946,0.820810282193539,0.704247350480442,0.888518990332808,0.630071711278198,11.454511467045,23.2856327811115
2658.16666666667,345.6085,89.9237106378034,26.9674048762704,0.842116849429203,0.565685654678032,0.811403750866967,0.615685629769102,28.7398966261057,84.9124031084486
249.230769230769,69.4109615384615,32.3574563736698,9.66315699492165,0.910503566461421,0.597943329908406,0.867657949766685,0.593541300901627,10.557171387958,31.2464273105983
54.8846153846154,22.9093461538462,9.70171318334973,6.55793413342113,0.660654313918249,0.880048452432736,0.967731398412749,0.721577691021271,6.86334426244995,10.3470977935601
239.555555555556,59.1983888888889,24.2975266126364,12.6969636105509,0.749005149632194,0.749353279939987,0.906352587513545,0.655237463919979,13.861664705746,24.4934802838883
577.307692307692,128.943307692308,56.5177372501089,16.8841200551027,0.87384960316747,0.516579544966449,0.797951544839166,0.488459361389373,19.2989807314616,54.2172217775587
298.983870967742,73.0909838709677,27.8046076865192,13.5905936474592,0.79818659370355,0.70457933974993,0.877466014965719,0.618875282827023,14.7745294373721,27.9123470116787
125.592592592593,40.3753333333333,16.3979990301934,9.0709615433864,0.735005686963795,0.804026154493606,0.924755756713447,0.696541656208846,9.76191416987456,16.780104421806
1848.5,216.5445,57.3948640810739,25.0789288431575,0.894761272782718,0.53263935215982,0.794769990436211,0.488329775017464,28.6788775195638,54.9720659325438
582.62962962963,79.5513703703703,30.2303199429338,14.6980762363509,0.760834583191348,0.737614999862744,0.89057794365124,0.650904353652473,15.9274189371215,30.1313253911181
5166.6,425.0898,89.9099259177635,46.4013478454554,0.879979074570237,0.330329384695727,0.745243080403429,0.527010171450302,48.9416633378369,97.4778500398799
3462,562.5575,201.902263420801,43.1586109819992,0.906242125782763,0.136734493917991,0.626560446473977,0.161992602448946,43.6018414867323,187.053899374129
114.333333333333,39.35575,16.4927345328512,8.53629600964848,0.803846327965504,0.757934665468292,0.90876864194679,0.657155178482139,9.36208185172801,16.8311404039176
546.888888888889,129.89,50.526604072166,17.7896193019073,0.909182402934428,0.464454308236758,0.76963949800911,0.462721159913194,20.3576258610506,49.2477686984992
1430.5,157.291083333333,63.3140085615385,19.461019539601,0.715160722641561,0.676416154502776,0.851543504872888,0.58491504806576,22.2946316995083,61.8688758348191
20859,1181.241,337.55659596,98.0529336874941,0.95688151878364,0.186861278778117,0.644392956441149,0.359086918349429,119.146178092751,334.013472782162
1842.33333333333,262.563,94.6251203465426,33.3922027323125,0.892449664363525,0.296817203435153,0.650286848659863,0.349024125964982,37.6337546387244,88.9435480557607
7747,695.184,143.18199126149,89.74220489252,0.779204158070151,0.19963077958793,0.63609491748091,0.434614305750351,99.8906030490877,157.050947147733
817.6875,179.378,71.3915052299084,18.7935144128182,0.904840498785157,0.428375100823509,0.724991319189685,0.426073888839331,22.1885795166623,69.3755068067801
1194.66666666667,184.772466666667,60.8241196639475,25.7618495079817,0.846783217154876,0.505550290915362,0.772724723823039,0.520379841551038,28.5628892352587,63.955406295294
499.217391304348,85.2974782608696,28.1502697858925,16.0608805868584,0.777878093361446,0.662080358323735,0.865823098754279,0.604958484588695,17.2303894168584,29.420661166658
3684,324.7635,102.524555690135,47.5980287875768,0.857774976167668,0.311179785247017,0.681704378418757,0.377314263013794,51.729503669288,103.390322705348
171.695652173913,52.4447826086957,24.1222883942711,8.67973838467936,0.883081693456953,0.660472434552626,0.889181250438198,0.614631024802392,9.56005768531003,23.9247231593517
185.860465116279,53.3158139534884,20.8304558183643,10.5853347490648,0.803946199802326,0.720527060157094,0.895914172652113,0.618412887587253,11.7354015495423,21.5595059367288
17606,652.72,190.40912021254,122.721425867169,0.764592144598461,0.514335099828524,0.803486673968602,0.597218453188602,130.598937774282,237.15395843207
169.714285714286,48.2102285714286,19.5917578465229,9.98084600728923,0.788939158918505,0.749326829408686,0.899095471444915,0.65914042615312,10.7325163497195,19.9522601469289
523.611111111111,97.8851666666667,36.6916411088887,15.3637921638272,0.87678132143546,0.599790210401026,0.850157051897374,0.536651567367464,17.4572721952249,37.9016807852776
49.5666666666667,21.5575666666667,9.3067073703819,6.10797579145504,0.720665254768807,0.8724282943236,0.962796540580577,0.730490781345561,6.44799403046069,9.84885539229242
655.095238095238,135.828761904762,48.5875994593562,18.8625135848617,0.861722847731657,0.522196909345642,0.779372635740567,0.500736659855814,21.0767447100502,49.0091533792529
1692.42857142857,188.489,53.8733934735398,24.2254272822204,0.835509809493679,0.585458979871429,0.835552750201374,0.550772120507001,28.3525746445075,55.4173496945852
196.351851851852,55.3691296296296,23.0001710148015,11.0550267022437,0.769411382017056,0.713359722671072,0.883603121558923,0.621909618081841,11.9782181200541,22.498009319573
8028.5,436.3755,127.856843114038,66.0860963182234,0.842743496857656,0.321405833852402,0.83607783474667,0.390019060239289,72.5067150577722,146.384538885224
400.714285714286,117.675821428571,59.73583236481,11.4858604253361,0.922508209524469,0.480163433155412,0.788949243158527,0.454345234986234,12.9414582482334,53.5975173821497
722.566666666667,103.782233333333,36.1923587425672,16.4211858784035,0.818130758183338,0.651627174580629,0.847383008551008,0.588216711515624,18.1863695654206,36.5910267260584
860.935483870968,138.521935483871,44.1643006782199,21.9854428468268,0.833883445568929,0.538947755461504,0.787593048943192,0.515453595782557,25.5367323609464,45.6288935506957
399.027777777778,83.5277222222222,28.8115631132324,13.6407764542953,0.779092003147159,0.728549501627552,0.874814180385832,0.6278502881324,15.5817072292125,28.3192003582944
402.037037037037,83.9137407407407,32.865736110321,15.3279026063292,0.799868716539051,0.664915657360505,0.84748577594026,0.59085841951219,16.9771969983032,33.0473455427185
963.266666666667,143.9586,51.087647487624,19.3581104428869,0.884183768701244,0.586072148463707,0.821854533261938,0.513621157273129,22.7536464363653,50.4439615335535
1114.5,149.3133,42.8498339764214,20.7005462430639,0.843026117656064,0.585824486700186,0.829988454801001,0.536603821880568,22.2185311945867,44.3487677377443
218.977011494253,59.5467471264368,23.2418751151351,11.7811603164676,0.774470423539145,0.705716180315271,0.870099639155082,0.61740248270694,13.0777543350658,23.5293652860301
1666.23076923077,266.741692307692,78.4188519617312,30.8264125306704,0.896246252718684,0.352813209809278,0.676325818285206,0.413677941969776,34.3086649287625,77.5323092234895
1646.125,207.6035,53.5700346127902,29.9424345676567,0.853727242627411,0.49535893365838,0.774334267255961,0.489431366743804,31.3641149799835,59.1313432719165
1702.375,214.463,73.4201816017617,20.830232432554,0.958361180747595,0.320404136251868,0.702221706178051,0.369897369561326,24.6301308792815,75.3097361653376
600.6,163.9083,81.5148188961829,12.3045085578494,0.919238686384789,0.368552910882202,0.819023050384124,0.313199079005885,14.0039041409189,75.9597181767514
320.156862745098,78.4487450980392,31.8562438283408,13.3104189502468,0.839964075702213,0.673707055295434,0.877228111392725,0.606681539979539,14.5833206343873,31.1115076305109
408.727272727273,114.099454545455,57.1874598226688,12.7753492134844,0.885816715436748,0.48613373195543,0.76926238438269,0.437033833719698,14.7678862982655,51.6167513190099
217.47619047619,59.4385476190476,22.8815860575176,11.5794080047879,0.753946342513814,0.737261810378578,0.885096458905884,0.628539007395967,12.6351366705147,23.3326200800044
782.9,149.9457,54.0084013197175,17.8897337236079,0.908179284729776,0.554164155520746,0.832584649475593,0.505003557564121,20.1702683324599,52.0284985030249
936.636363636364,158.533,55.2746681691815,21.4019851588364,0.81499605300194,0.568200646984422,0.77235728889201,0.536109643415543,24.7258031267917,53.0622858669498
263.111111111111,57.1369629629629,21.5611945860375,11.0171047382083,0.800818949960809,0.733158805642146,0.916062296293534,0.64312524159639,11.7879249134646,21.7709495446457
2241.88888888889,324.11,115.214750539037,29.1768298453395,0.885874653732956,0.387902834037468,0.665407467816617,0.403707391235458,36.1322966018439,108.143841407527
1291.90909090909,169.998363636364,59.5126500477898,19.0358803989014,0.910901247012079,0.497898100817001,0.821327636767412,0.457067237212707,21.1504844413454,59.190759221028
1436.57142857143,233.167,78.8851571038271,31.0131883122584,0.815504240581226,0.275947210773201,0.691287098418664,0.380714257888994,35.4350768061796,79.6547989974107
1051,194.43075,54.6713424588337,21.505553890164,0.937965047066817,0.392180599370435,0.798062421852482,0.339706448034907,26.5861776557137,60.1657739570323
292.761904761905,76.7407142857143,31.0756817302551,12.7145502525495,0.817966988782268,0.639679518118684,0.850919349501277,0.580568659881365,13.7777655260033,30.4558779808485
286.383333333333,83.98125,33.9125448957047,12.1708370244517,0.887109126339669,0.590063655485261,0.835072565179287,0.516086454462904,13.8086525213037,32.6999741436074
1601.36363636364,248.982909090909,86.2041010216877,28.3144279049186,0.912858043659629,0.413853845403058,0.704078730993671,0.388376598779521,33.4162750659501,85.1444505355892
222.46875,63.506875,25.0378163782075,11.9701735714039,0.779190656608356,0.731071820105411,0.889071373600888,0.638798458111027,12.9029636060112,24.6525766882251
867.214285714286,134.679214285714,42.2384279860828,23.6550963048252,0.774332354831923,0.624702387860344,0.836085715435537,0.564127547545622,26.2494368184393,45.2662297727602
6106,865.785,175.014439728004,104.982632845199,0.617225006501732,0.170967908378986,0.455172684447788,0.320865590759703,112.955813201566,192.288219321639
592.35,118.4007,41.2653660874272,18.3036961742376,0.833446661515046,0.596174276246343,0.812437775367365,0.570709561785523,20.519261015871,40.1825725260321
16,10.41825,4.71562065413302,4.08212076889023,0.385440977107341,0.976398844132673,0.993243243243243,0.8156179138322,4.17705098312484,5.22761242772046
1385,187.705666666667,47.47831304338,32.5846831081609,0.6960461170916,0.545322216310384,0.798471162223694,0.554395046555134,34.3360120633531,52.5041557440118
141.813953488372,42.0465348837209,16.3163775631842,10.2992984432368,0.681214028167648,0.815925704508772,0.920837348216457,0.707484650130084,11.0161850568604,16.741271384621
312.45,74.92315,24.4024600300982,13.8329370074912,0.782765191854362,0.72984307911551,0.893802375076055,0.59233178073227,14.7294780263424,24.675830047445
486,97.35145,34.7917043197148,15.8774698095928,0.844888139812326,0.631505158063954,0.84935041049864,0.586432690807125,17.684925218792,34.4142576953724
977.6,244.5624,109.2838401306,20.5394042392972,0.894002530705049,0.373590554912292,0.681333109602634,0.319472297408525,24.1569533430404,98.6829237719938
1593.5,269.3224,75.7443237049273,40.2744747760298,0.828297882158982,0.467944879015631,0.754236089312035,0.486608013529202,40.4485341039096,78.8662278556734
1095.8125,196.3416875,75.223862880651,20.9360929737056,0.923169464995756,0.371318331166058,0.746436785149864,0.395458099557405,24.6148310878172,74.6353450625969
20732,1396.6465,202.350253034531,122.682810112047,0.749481270912097,0.184048858760906,0.732687083781459,0.578459861531749,126.257505297575,234.493124058371
8310.5,670.5825,135.726395287495,84.083826388854,0.800730775095658,0.36658623531693,0.824602976240804,0.507729816282448,91.0307712436804,152.150472204277
155.485714285714,47.7654285714286,20.0499075931115,9.96007986077272,0.766045404027853,0.751402962395647,0.891622933395457,0.648549879416987,10.8639941598632,19.8934153857109
1317.54545454545,154.774,49.9481553347417,24.7109712012687,0.856680611219963,0.512577278758643,0.795351630143837,0.525963658584202,27.7384191282507,52.996200950977
581.44,118.23716,50.023401235903,14.920003859691,0.899747542370066,0.511411700123323,0.801823894397003,0.481710206034197,17.1843130839325,47.4046676131057
270.260869565217,71.2597391304348,24.5385346779019,12.7940633700925,0.745384127853729,0.733575175987164,0.889084432570256,0.634078171625956,13.4263043919018,24.9956006731405
6661.75,389.4805,110.193280773894,44.413071180129,0.895774619244467,0.414294807161307,0.795174732093654,0.449701320538035,49.2179403234204,125.083695568461
17654,1549.466,311.944610963794,101.752662315293,0.945304836986728,0.0920300324125422,0.622650160476846,0.339604493690366,112.745146657424,366.2308015446
403.571428571429,101.255857142857,45.1256869774189,13.3199535169033,0.872785163916745,0.572592633934899,0.839060835045961,0.488040326954399,15.1361502408582,43.5722012493173
3050.5,475.794,169.113208742045,55.8035538957803,0.922863035570294,0.158592216245343,0.437360958223761,0.284872884047039,67.1369212632649,152.657266944748
819.260869565217,165.42552173913,54.7314622237292,21.4999011214838,0.896108023151533,0.483153797288172,0.747046563189417,0.495085096218573,23.5978637628892,53.92400354555
489.111111111111,102.024185185185,37.267876464407,16.6994764059147,0.808554090748896,0.620899080026533,0.839036942631352,0.57214413067281,18.4859511988377,37.2009304834556
1550.47058823529,223.975882352941,60.1406540633911,29.7790547521872,0.835379540271216,0.519020522695571,0.788491508150798,0.52867300896331,32.4812343339383,62.9678779846721
752.875,166.707291666667,73.6107394518019,16.5137729182768,0.926487038370738,0.424024928295215,0.814541510339793,0.571365949324472,18.3430347625907,70.0617860511666
3024.83333333333,353.840333333333,135.859918092316,31.8425876997898,0.960623825880967,0.334547491409628,0.708468982769185,0.452947449142284,41.7956981899596,135.665549691219
591.857142857143,128.536714285714,36.4190838740773,25.6681481843264,0.741004357131122,0.578851200246733,0.802680591209063,0.546067910212656,25.2783297326221,40.2188306784945
11599.3333333333,792.344666666667,168.073854210402,88.7385482505085,0.862106696082922,0.185919587108614,0.650218863986854,0.389388688117734,96.960808517208,196.512758017961
513.533333333333,106.4788,37.720185502115,16.5916031737256,0.777018380993152,0.660393751652462,0.818420711435954,0.583275329528094,19.186271882992,38.3302919504208
265.890909090909,65.4604181818182,24.8927273919616,13.2905716185487,0.769859453192295,0.721328950079783,0.885871293456785,0.639599699198056,14.1856410557317,25.0075060826368
220.5,60.8685769230769,23.8894039884021,12.6551718664082,0.764591759186385,0.692364845932955,0.864984005406168,0.609854543480638,13.7679181595489,24.427895916609
2636.66666666667,311.0615,88.181626365152,27.8702052702114,0.959119788262332,0.315197298443143,0.750451038633944,0.416620531618601,33.8197015247089,93.4544534431053
261.591836734694,68.0914897959183,28.6543165317414,11.5451564580396,0.763809432723638,0.726875898101311,0.900161963382549,0.645239826049262,12.7246974734406,28.181017697677
344.565217391304,88.5252608695652,32.246795108832,10.6240058504202,0.820202723386318,0.749138921297215,0.905709658064151,0.675607430480097,11.5187166141405,32.9167086026629
3918.33333333333,585.012,114.707360808197,47.3031904069265,0.924005118221682,0.238678107396255,0.719357072131782,0.313487634789951,52.0199707197164,138.054206450768
22534,1431.79,233.310954941934,151.639371812364,0.759980942795366,0.137526300036638,0.592174073003443,0.400134952766532,194.566210919201,281.897144362975
3857.5,521.0655,101.066641866138,72.9780469416796,0.574901706275312,0.226956114524893,0.543323099294175,0.371067857016598,72.337823826222,118.746264081493
435.75,106.396166666667,41.4028337441077,15.3661950638511,0.830402276765769,0.624674960198074,0.788198959022868,0.567312841960916,17.8153175635479,39.0404436242302
2499.8,212.3686,64.316978241989,32.4097988371055,0.705479651021288,0.570487483639165,0.84596625207238,0.607192464254563,33.255436897977,67.6813210136482
1461,163.140933333333,50.9540210256676,26.4252221579117,0.82199364968363,0.538087220200852,0.817047392739119,0.535602748358742,29.6366321312595,55.34361706224
832.545454545455,161.583272727273,78.2258389234681,16.1001149459858,0.962880370329396,0.399692447525712,0.766065830142155,0.448528961420526,18.0078275408144,73.70448520219
5609,502.7715,141.90315736995,51.0245624275592,0.916259166440722,0.272181269807068,0.68297593425018,0.459471119682842,61.6885663314388,151.153899542787
557.666666666667,123.127444444444,50.3046912071698,15.4144812651779,0.922817374507158,0.470995901938725,0.836485280410756,0.381681166164908,17.8416681540164,49.462099365647
411.785714285714,105.125357142857,44.7648913335363,14.0423011017434,0.838969552893505,0.573925464459301,0.81338095739664,0.523797834348567,15.9518707834139,41.9264148093606
1327.375,238.28125,81.016157694333,35.3959178215585,0.896268405009777,0.329809141925133,0.653167887328397,0.338746254599024,39.8685399806728,76.7394363904422
991,166.461555555556,45.7911970601917,27.0252433627949,0.81112170237092,0.533646490772324,0.804983247022224,0.567316840128891,27.6440251963671,48.4637119290776
1452.75,273.096375,71.9536433874503,29.9933708505671,0.898136031134452,0.407841424379283,0.7135067075988,0.426914549468397,35.2299204784851,72.9923410369487
1571.69230769231,227.832076923077,68.547305878546,26.4930409749334,0.897575807457178,0.460595729582345,0.760997448192745,0.473009342717569,31.9093714951392,70.5234018938779
1407,335.97,143.46309488749,42.2028248757851,0.907084911974381,0.166146893812525,0.420771281340526,0.184947044423365,44.5144972126771,131.464393001953
947,200.508533333333,66.0617877899949,23.4106260871271,0.894679440879592,0.480795243034871,0.759518058405815,0.453640398573992,26.478258592545,65.4129679403387
242.767857142857,62.3209642857143,23.3781008998512,11.2206526629001,0.820145491949969,0.697079152384634,0.878361374013939,0.651003717785406,12.183308440863,23.1114725544439
3693.75,496.338,122.4127970658,52.4632731761121,0.896068877497758,0.322189619750585,0.555156877305135,0.343685926193112,60.7326725450256,127.684404501437
1135.16666666667,188.349916666667,55.3234157133031,23.525164722311,0.885927429818128,0.495722770088459,0.763168978359706,0.480174117972484,27.3917610379484,56.2137492374497
10098.5,747.8905,184.404785976293,61.7524245369969,0.933460466041137,0.253568590631499,0.663687441555992,0.395885407684487,73.3002451366313,189.552344961406
213.16,53.97328,20.0888484085829,10.845709279802,0.770941061868549,0.740901168495273,0.898855039666525,0.629939925794419,11.6739246220932,20.814247813061
891.25,172.7758125,63.6244388724746,18.8280478196407,0.919037872439983,0.433997984337363,0.777151655577101,0.447954028726398,21.6841701215513,61.5366889975434
153.5,44.89762,18.8754597622035,9.91752977914676,0.773660627096713,0.780758660706504,0.920133879749841,0.673454520600694,10.5559372873611,19.1714701539183
5826,762.355,165.193536377735,103.316512602289,0.809265724096832,0.204794924070348,0.501167961928077,0.27385136669557,131.709224932447,182.943514068108
678.184210526316,133.491526315789,49.3204689907529,18.3724432106481,0.869326080803097,0.516115884252761,0.794276236976999,0.511787688087691,21.6803653401073,49.1703794715816
974.625,172.722,64.22052208833,20.6178372308953,0.9235066059086,0.465431722124258,0.779219749978422,0.460090533872708,24.0650597506858,63.2361706757324
90.625,32.359375,12.9411426312413,8.04263241098289,0.712043026720077,0.823656069382375,0.928823275282034,0.711884622018585,8.64646506385554,13.581735744379
1839.81818181818,212.898090909091,62.4819960141235,37.4529134841494,0.740700495445912,0.465254426026744,0.764305817872357,0.549451501340243,40.9739499200362,64.2266830681782
96.2117647058824,32.2538941176471,13.4286605951392,8.15716385639369,0.711420078588952,0.868604936481074,0.954279397470704,0.733738240728385,8.51134026342955,13.9809783097766
249.421052631579,65.4559122807018,24.9827875763106,12.4733543493453,0.772694115178924,0.731406498781535,0.887962829755654,0.643518087281939,13.5478727088756,24.7601835185193
966.6,102.1734,31.290828026551,19.8384964214224,0.791712113408005,0.751898115736968,0.912006580543011,0.63946153193212,22.4635565335166,34.9741229312645
7679.33333333333,456.697,103.415759279406,65.1724365693962,0.751929348030608,0.286590951792264,0.740559591813952,0.342681129761552,68.3199083490626,116.438581916698
593,130.3196,53.9886764886559,14.9321328192216,0.915829728869823,0.467846886578915,0.786674585033802,0.436903070694114,17.2404657970828,54.1363945326964
1243.16666666667,176.430333333333,70.0732321009223,20.1930461729786,0.937117593824233,0.486916201215811,0.807908179983497,0.471164784317711,23.7395404650415,65.5895555080606
1373.5,177.5775,46.050627249791,24.6480110601799,0.873419708963461,0.609467816614194,0.851656002758801,0.633335649058859,26.153977692516,44.5831471901604
680.375,122.80028125,42.8407569997168,18.1230153799369,0.842310665868952,0.554421215514225,0.810967912507729,0.522565059545733,20.323748526073,42.3358558077531
8731.5,1296.107,238.950991855728,145.152602192784,0.783059764618289,0.0634810937337623,0.243500020627778,0.180257396639487,173.390700022482,285.866278648521
4430,309.31,73.1773156976904,54.8156342007038,0.740806907928721,0.56502334944443,0.828816134415306,0.626561237805257,61.319036157575,95.3702744955062
4912.57142857143,527.418857142857,217.718672524227,33.3035186463432,0.87407008184112,0.266133930726421,0.73558213562361,0.337917725342555,37.3391642822363,206.135715158333
12021,779.782,118.64448756779,98.0432811246103,0.533287758378039,0.391554899229439,0.78301819990669,0.609109930087423,104.01741796166,148.302166117377
253.838709677419,68.7747096774193,27.2432500213641,12.3070090999543,0.834473785582886,0.630325110348876,0.856635458570227,0.569749227779687,13.5427443539159,27.2847640791125
7518,552.3575,104.248532497043,62.8719126678489,0.752677806344343,0.507415490157263,0.793440971898752,0.495378890903118,75.6446335132267,110.301495501966
27746,1401.591,228.126179647433,180.529047326316,0.611355460236827,0.176694457888954,0.762189929401423,0.596303460133247,196.984600007209,255.068618218706
105.677419354839,36.7937419354839,15.2621875143612,8.40077000270533,0.778570014386398,0.77970012427626,0.925478245119705,0.681534065528106,9.11507210236814,15.6551159387831
2429.53846153846,159.152615384615,54.0833229916927,24.8490350334821,0.883137862940804,0.541284746522884,0.826218889813647,0.524898983357938,26.7352146380035,54.3322848219097
225.115384615385,66.848,31.3912182391778,9.62709979142571,0.854558598916511,0.620201831424759,0.864565504936605,0.605316233182169,10.7658433080227,30.348499661542
949.636363636364,139.762272727273,37.5937083655145,21.1016414837115,0.785703117879583,0.607933151916498,0.839739826206577,0.591857064725949,24.1431838213668,39.6889926069764
1236.375,185.090125,70.4527439613415,22.9254711896398,0.900156766833992,0.459237192171786,0.780737866131424,0.466202759369149,25.2463069770071,71.4183342078994
9044,584.424,114.804468444948,78.073226214836,0.71544783480815,0.387420202619361,0.7063593763384,0.474364662252861,90.3343361892352,150.839112454051
1455,276.842,93.3769868490199,37.0423758213489,0.81651717918825,0.315447910122025,0.579377009402208,0.352927888605776,42.2209568926581,92.5797984145592
279.666666666667,74.665,30.3791875478384,12.9491720743224,0.83860285505352,0.633488758187252,0.846397497797465,0.570087191204186,14.2126526883436,30.1338187167135
310.333333333333,70.9924666666667,27.0561224110908,13.7561713026435,0.803430811872936,0.684110211486635,0.871104117367804,0.606353401727184,15.0971222950487,27.66837849549
357.658536585366,87.9578048780488,38.0937351019916,13.1850453806207,0.82817895729469,0.637364787804275,0.840740431145883,0.569953071635254,15.1104697434,36.6053525294846
510.344827586207,95.7765517241379,35.8914507837897,15.9440866540405,0.772756652836467,0.691982892566494,0.885484289190686,0.600914656445452,17.6090170207638,36.4796520433741
1289.625,278.8605,79.8790256821826,37.9868187909081,0.874846949167442,0.345193618727331,0.619466314142417,0.383233926434631,41.1132128181224,78.8583239662739
4505.66666666667,359.757333333333,99.9320952071127,56.4334184645792,0.851105327313544,0.376450556928225,0.69092499915419,0.46789367191556,61.6972117629772,126.301140576288
4827,495.0954,109.905524129758,68.8534435387365,0.768482390793176,0.301131669424343,0.636253085457126,0.403555322853628,77.1613618878596,118.70317573218
94.4057971014493,35.3033768115942,15.5510693654885,7.6832152673063,0.778888384617841,0.794531500527466,0.933195843726107,0.709527073930362,8.08717455872621,15.713927522965
970.75,91.03875,34.3971685812625,21.9543390171336,0.756378099464961,0.821159229184313,0.947367053971308,0.690657193935325,21.990707917398,35.694902340383
175.343137254902,53.2079705882353,21.8380535351513,10.6120900686209,0.811904879999491,0.722606279846238,0.886229101408379,0.624816118931062,11.6392421213057,21.8593562617268
850.444444444444,168.896888888889,42.1015872621765,20.7968507259856,0.863426364324303,0.580114051369373,0.796128987302156,0.549414225977224,23.0941853608453,43.8723019092583
1583,246.6685,70.4094583079843,28.8917279663901,0.833177407080501,0.464672517383112,0.70339566693393,0.506893822780203,34.3069037425896,67.924024863144
444.428571428571,81.0377142857143,30.3927789777533,15.7621365474308,0.736088456116443,0.751143543060131,0.897024562135819,0.701579506095202,17.2773690669311,30.8977164363432
372.125,97.495,45.4467397766564,12.713747172422,0.874359831132631,0.571747235059756,0.814821906996634,0.505484063949521,14.994433050404,42.0048273674145
1070.07142857143,150.648714285714,38.7209343626116,20.1060993122812,0.86835255006352,0.579489253812353,0.811616201017232,0.545431116010566,23.4778795772102,41.6194721842038
8726.66666666667,857.080666666667,124.388951503764,106.367280558958,0.441697334442686,0.32317084561752,0.691154929338802,0.530590695948211,112.737075673083,134.771668122199
2763.8,399.2016,91.5397378544323,48.1402381366145,0.858458479399605,0.312035172539033,0.662996537745083,0.41578518833036,53.1078722981139,99.4188883635176
1471.81818181818,219.893454545454,97.6167294241884,22.4989625751547,0.904178175034163,0.394440075891084,0.737581322722893,0.526882287217164,28.5908576800052,90.5146518058467
667.576923076923,111.684730769231,39.2782954835889,20.3030724800246,0.81942437290715,0.59861289903691,0.839659490295544,0.577572234825523,22.2563270534789,40.6949168167826
1934.57142857143,303.243857142857,83.7969481347844,42.4835277443927,0.811474290889607,0.380616954329334,0.69385046264477,0.4309875725395,47.9148917475479,90.9151310891234
1450.78571428571,196.782785714286,71.5481483372541,26.8328018349475,0.868618958242072,0.468560812004121,0.755613369299724,0.482024689715058,30.3955942637544,71.9561901283412
25284,1517.978,256.675686457314,181.439859010096,0.707329791755354,0.137318460283446,0.545831354432019,0.34395788270824,209.601396040237,358.987464962218
916.75,147.0380625,49.3476952242823,24.4622110033063,0.804905457775973,0.554767619521897,0.78557972088733,0.543574701041855,26.41707817406,48.4257095019229
163.90243902439,50.3985853658537,22.3062375086836,8.69770601909727,0.868427543471237,0.658888260623752,0.882933255538523,0.579559379397647,9.67940637237652,21.93091322791
345.8,83.0834,29.0633688498057,14.3593506567694,0.808273844578959,0.668910575024107,0.84647288570198,0.56410679948738,16.2880457235129,28.9634745853957
836.904761904762,154.741666666667,46.2080563820807,18.1542932787688,0.855900891276111,0.578871730919472,0.834643369947165,0.537580251669842,20.7921949446219,45.6144664194233
2895,343.184857142857,102.605689772744,29.0905054247925,0.85847623052924,0.522182069578062,0.785360995031344,0.491341513971786,34.4259193273713,102.974367062728
1026,204.779727272727,70.2829139223906,19.8008369089063,0.824900925001484,0.525066464853187,0.746056786737285,0.4877421959145,22.0220067577119,62.6992241252026
807.777777777778,172.564333333333,61.2646613794428,22.6178325277848,0.883327993073512,0.527484765542807,0.769144648951836,0.512388324897206,23.6048428535072,61.781103462747
480.583333333333,108.392708333333,41.7752768682042,17.5592579807573,0.875632870116201,0.557728053347017,0.795364490953342,0.527609619569644,19.4972986270805,40.5742829679701
480.066666666667,99.3426,35.7468284858214,16.315586606614,0.860897873984357,0.593241887468201,0.838746450329832,0.546033836747859,17.802133011342,36.3671127886369
317.28,77.20632,31.3441837393277,11.7245409802297,0.844855329175609,0.624562953199172,0.879702380004291,0.571149819521782,13.2111531692765,30.717758579458
4113.6,463.66,118.500580172944,48.6628095325327,0.910779754257993,0.255217495261867,0.629021738591656,0.334790207945615,58.6547469376742,121.692694594731
12476,791.127,140.828620486385,127.507515144643,0.424540167379639,0.248513765852846,0.670933046517881,0.541140750379527,138.310883912002,175.285481429581
2858.09090909091,330.947181818182,80.1367907092754,38.6316194434119,0.839603728888843,0.468277274575397,0.75785080470954,0.493063146214488,44.5233743400842,85.6393962552982
680.785714285714,174.874357142857,51.0013947182454,28.7794095915537,0.762152375711935,0.624577565315297,0.773656082595121,0.536215219153052,31.1772131470726,51.1859876902114
464.764705882353,113.068352941176,48.9307444895622,12.8334199783717,0.819002211129248,0.619838764230702,0.824344474266989,0.565754495506796,14.44098165449,43.9255867996338
35956,1193.716,302.577380447187,159.538779754963,0.849700249555915,0.315425120271078,0.88274575272513,0.644696263357957,186.200956707582,325.135356428673
154.432432432432,46.6148918918919,17.7578994629456,10.8126508091995,0.714309242525305,0.777023354333742,0.901343170709212,0.662272638184934,11.4983163154308,18.0164727853388
523.666666666667,136.375277777778,59.2118984036986,13.0299513223898,0.927051869363327,0.483738611386719,0.804386616754066,0.406399763282442,14.7708888331292,59.35949592311
716.214285714286,141.142678571429,51.5585191283068,22.0573058541362,0.80948835646843,0.571904365211488,0.782211489734484,0.552217578890388,25.1214302427108,51.0229118071838
3850.28571428571,400.708714285714,114.265313839104,37.852439228349,0.924803391033378,0.259228690467739,0.718535020650843,0.488372179515442,44.7651414654522,115.098707328255
239.661538461538,64.6831230769231,23.1995667376291,12.5104767583884,0.775356510067037,0.711680516142241,0.868189929930035,0.622418582018517,13.4667597977893,23.0270979135916
1900.88888888889,235.710555555556,63.6218578182201,29.3110572874006,0.887495630115631,0.44218966019679,0.732424502754037,0.488084097926969,34.4606722190421,70.4488861123514
1876,265.312142857143,84.1513098165761,30.3365344070693,0.887540156385499,0.458113184272812,0.723708596771546,0.474972484614958,34.0618251225218,84.4387333550901
348.261904761905,86.703,37.3612315145367,12.7315295544607,0.872529677768357,0.588406861492576,0.843889729224181,0.541784907374955,14.2432030071607,36.4846813663024
880.875,146.045625,40.4689001139713,19.988000410536,0.865600602319882,0.559597255296802,0.816744660793243,0.505155712272261,22.253675941778,40.5644708689868
776.636363636364,133.869,46.6659813001592,17.4958280090825,0.834031709125846,0.586717860001026,0.825242759162553,0.568412616540476,20.8147668074953,44.7445448378341
5213.33333333333,687.108333333333,157.162343394557,70.7227102634954,0.886652099720443,0.174736462775542,0.521824550403578,0.337781533883896,82.0686673531949,153.164638844906
333.811320754717,78.4621886792453,28.9848097389779,14.6476645142114,0.799501960481614,0.656890547069436,0.83969384783466,0.591199144412595,16.0837441214537,29.2490545057453
154.471698113208,45.6419056603774,18.6352343882338,9.90831883126574,0.720880293735898,0.803701057136837,0.915505390138949,0.702317736462622,10.607270819292,18.7999887767507
3053.75,414.2325,136.460965427007,37.6205597702487,0.958787513467516,0.20122407283283,0.548333714702558,0.226644568970128,48.2103403967319,134.533308008236
60.3421052631579,26.8454736842105,11.6130516855601,6.56884677324983,0.741282463847566,0.792612415536848,0.917319046301097,0.653047335595754,7.22274480064231,11.9018469480454
596.916666666667,107.4915,32.9079624663179,13.3978897971,0.827347167266267,0.715955867485759,0.89095457968883,0.636247143324555,15.5151100593796,33.952131291321
819,184.9358,61.3907917778964,26.8046396920278,0.835087769149435,0.437485897038921,0.708960855039479,0.424822775306194,29.3237535339744,62.5294504837909
174.538461538462,52.6664230769231,20.3050804236516,10.0701714384262,0.750018191526,0.797559654937053,0.91594589927475,0.683008508081109,10.8352316614475,20.3835349068305
219.535714285714,72.1349642857143,35.9235933908321,9.59855328204586,0.769781146230513,0.642138553543002,0.837871967763617,0.568935297222766,10.9192030084216,32.4922234411045
106.358490566038,39.7750188679245,18.2870472685318,7.57739133613718,0.796135407462956,0.759514489723792,0.912709881368282,0.670777551904358,8.13979507062704,18.0082765774485
178.214285714286,45.2033571428571,18.4729295703967,9.32812151808913,0.781421361820263,0.78320049941552,0.928481810816692,0.688959455501456,9.90323480223361,18.3765919333784
510.689655172414,95.3594137931035,35.452190615276,15.1722778688756,0.815067778983715,0.630097701751237,0.844973540222981,0.569089127115733,16.6183992411721,35.8998468592405
713,141.296761904762,54.2948798833815,18.1038339360112,0.909563602410574,0.441228777683696,0.74992005049042,0.492838789818092,20.9237214913698,52.1471613008016
6747,441.26125,99.8903899859963,63.1337656762492,0.796895590653202,0.408815220301495,0.666245301228412,0.480368788772914,71.052376532024,116.061286052796
374.333333333333,94.4496666666666,34.2394307882785,13.5719098439484,0.831284818960577,0.630398318532268,0.856307738074459,0.635998057646508,14.7209594611419,34.5549559847885
2934.71428571429,281.882714285714,84.4428834610394,34.8943150762665,0.886394665974278,0.427654191926634,0.780075797512672,0.450601792338874,38.828129020597,89.589403798236
575.190476190476,132.365761904762,45.0053444023786,17.4989880956953,0.861940781581512,0.555080169064484,0.810751882065455,0.545902244262463,19.4781914473966,45.2000194473146
711.916666666667,194.763166666667,86.7673966753946,24.4890314381132,0.899198720591503,0.436093351069774,0.679669334206657,0.422529243788243,25.3532590341138,79.7662537838805
1637.25,416.052,131.059298261185,68.5783795319248,0.807856987563543,0.213518744897197,0.403855685169929,0.236905888478675,68.8048265444741,128.272542105337
204.693548387097,55.9777419354839,22.8920737971179,10.5755389277084,0.769306455021951,0.727442229655257,0.893743779390962,0.636597816083487,11.6597177959933,23.1073027821997
785.208333333333,122.746291666667,38.6518209659154,18.4925786558831,0.836031044535683,0.618750464773977,0.825625683957008,0.581332368453479,20.487998663891,38.7803350119316
461.555555555556,81.0642222222222,34.5758417450926,14.542972422563,0.820127923025253,0.741957488566658,0.929159179794829,0.677777813375351,15.3538299316307,34.5181026765646
972.333333333333,161.068875,48.7872746138465,21.9287878302976,0.874524296287572,0.495177253050963,0.774527677761281,0.507854919222557,24.9537075455367,48.3655963479549
632.333333333333,113.342833333333,44.84556879571,16.5534678287513,0.875373675540058,0.479458770704275,0.802158292498074,0.542204704704705,17.3881693880342,44.1356222847766
8912.66666666667,454.209,132.248714569039,70.4492969654758,0.883366262006158,0.324843943404551,0.647862456015488,0.406533234949394,76.2995475374385,140.877042267137
2650.6,299.733,102.707333799453,26.0691233129018,0.89042857220326,0.402994236064453,0.736423460371066,0.418564894856341,34.325053016326,108.390600844593
775.291666666667,128.943083333333,43.4787673831864,18.2596371011877,0.860159139054508,0.596221466850658,0.831333509069597,0.561868193891373,21.1596011511304,43.332617219728
2164.5,276.1875,81.7336909710871,35.8810361987671,0.900617707965154,0.365823325539592,0.747717997489941,0.423311834953978,45.542167502511,91.20349617077
1557.4,321.39,89.0576652971814,40.4686990036157,0.9016647904408,0.417758498795083,0.660718572321498,0.38098821094038,51.2300721656551,93.0082789597652
3540.81818181818,400.532454545455,135.963264208581,39.9090868131803,0.908084936511124,0.295386281132275,0.738124003000185,0.319419148483541,42.7869262639171,137.016397952344
1260.69230769231,195.492307692308,66.5715455262826,25.284986816028,0.917017299498726,0.460507943549875,0.750138003668425,0.436325310881903,31.2603118282775,69.7583543722189
596.555555555556,114.335888888889,41.2352042458707,18.8823468898965,0.780361618201584,0.616242644191797,0.821992501290196,0.562787176981263,21.0373019872674,41.6151738041552
220.7,60.25976,23.1946506133908,12.3837940590517,0.771600377746141,0.721438052564048,0.874248163306212,0.632763923007853,13.3373907749601,23.570115825261
339.333333333333,81.256,35.1583706615092,12.9941074914595,0.821588179193937,0.665754208208134,0.883691547413346,0.618826961664551,14.0495807407208,34.5938689868576
2790,431.634666666667,95.5926153755074,39.937087888355,0.937896446192503,0.341058885412472,0.669957458821315,0.359312052538517,51.8576843482601,114.002662831849
992.066666666667,194.360866666667,74.6069128600576,23.7064702236371,0.897494305619714,0.481649079537209,0.746544886083726,0.476781249926539,26.0462696907433,71.6303406400171
7115.66666666667,399.281,97.3016000991588,70.3738688494507,0.72912990929075,0.307341636646571,0.633651027083162,0.444771865185715,76.2461836855704,101.204830550618
1603.66666666667,249.583333333333,78.9115035398286,35.0227143010637,0.88796643105139,0.369404896748196,0.706980363183649,0.432798817457784,38.809413225457,81.5098355322588
292.659574468085,74.4232978723404,31.7200694435085,12.7093889819481,0.819444403181848,0.680651491006893,0.871610977724922,0.605356666254406,14.1419565270454,30.9079656366608
382.5,87.0123571428572,32.2125418154555,13.4531769556708,0.832622246724253,0.652924053178196,0.856958927381068,0.567501670149518,14.5851208648168,31.8067075976654
725.652173913043,127.177434782609,49.3380539670429,16.1517578119908,0.909430096917431,0.48938592977774,0.810898459591023,0.524168655116925,18.6353376473619,49.4282238176692
171.493506493506,50.8754285714286,21.1443629969145,10.4478993822493,0.783093189609743,0.751551452254377,0.901372400043102,0.643796728042452,11.3684235273556,21.219674453471
6104,485.184,141.520432571234,61.7124832480346,0.905754417498753,0.272768847465642,0.711167239623888,0.458520552549043,69.8356262984164,134.14290526685
1132,200.6964,85.7533811565788,26.959321901506,0.915307221221552,0.380343514197214,0.632347185314543,0.358226696738668,30.7198695704569,78.821985865646
1786.625,295.65475,99.9060807106991,33.1583146865103,0.89650685579478,0.403450660635346,0.686097836647437,0.437026674007083,38.8122843187462,95.1830294487692
1126.66666666667,256.972222222222,92.0592236719812,29.3931880897505,0.936957570121113,0.318523374897318,0.648727356540473,0.339137328838752,35.5752457360199,86.031612029294
1531.23076923077,275.055615384615,75.410146616346,29.4295785849835,0.88143219240907,0.433517437307076,0.712834357322562,0.438262825463763,32.1398389010913,74.3857961313551
479.777777777778,106.687444444444,39.9345214117335,14.6496616888662,0.889197951888309,0.57968219884907,0.836531293316548,0.514043849503035,16.2997956279515,39.4977630554016
578.884615384615,144.720384615385,55.3014263398106,13.4787061438088,0.90414288571134,0.488281517958344,0.809456762659227,0.413780356210909,15.3960465260836,52.4152676165095
11106,569.616,133.99282152173,78.517170086417,0.845126596582225,0.308028528078121,0.745845654695269,0.396129124254124,85.2491848458877,162.327621781295
1459.70588235294,158.039705882353,41.3425014013151,20.6798213136287,0.822239970610964,0.610785290771455,0.83721895399533,0.570736270130796,24.225606871219,42.6445895804727
4491,379.6298,138.948553395938,35.550094130025,0.950313813395639,0.275337348201092,0.752173216619,0.314235925365079,44.1918560464028,134.309499836455
343.1875,81.94659375,30.814673695089,14.869700567595,0.780612182236928,0.666455566851385,0.84823706873957,0.585682554244288,16.3427757328483,31.1246574540769
1175.94444444444,194.471611111111,71.4531137752333,23.0068480595422,0.910924864506095,0.4417541064225,0.728466852720489,0.446004936268642,27.5822083534625,67.5814074059491
358.75,80.385,26.2012369203857,15.6171310200749,0.790364995058675,0.697627379231399,0.871250073256057,0.626970920479772,16.9098646504207,26.8849772182001
312.081081081081,84.6382702702702,31.5448364341897,13.8226893677519,0.840753108637405,0.617034403921774,0.844233023171026,0.594037860170971,14.9948495430032,31.4072292925948
3403.83333333333,413.468416666667,113.841320188437,43.9214122773682,0.881263741309036,0.359550729354523,0.687316044281066,0.385970350640062,51.0697629356629,119.914438293471
165.878048780488,49.0480731707317,18.1718057182482,9.27781565055519,0.793489855489459,0.770431940923871,0.921870812870527,0.660781233448658,9.95711160257852,18.5769803893013
1009.58823529412,133.168058823529,48.0141704510308,18.8025376592348,0.836567565050823,0.558844594649061,0.827888045267043,0.526598302209817,21.6654919018772,48.7060538733942
213.137931034483,44.1505517241379,18.671227982091,9.54449574427052,0.794049437116263,0.728816070907493,0.895917272106102,0.643010871334302,10.1325861025981,18.9071341871411
502.386363636364,113.601886363636,40.2340987957792,17.1577608953358,0.788205285942814,0.667732770793538,0.830789623488134,0.594617517025284,18.6653561996844,38.2159304503329
3262.55555555556,414.280111111111,115.953773092589,34.5783832545523,0.916889652214748,0.393046592397295,0.687383219490687,0.366181936490369,46.1179808843762,114.745240506955
20749,1461.95,253.845094384831,158.717917324064,0.780420509092115,0.121472363684249,0.562608459869848,0.339568604346688,190.74595247735,304.384625104488
1601.66666666667,147.154222222222,47.2534443431134,24.0335249748877,0.822333713458376,0.641441396501834,0.839871715859155,0.57953508031134,27.6499657186222,52.6701797759109
3558.5,661.352,86.7531856992763,68.0030591539685,0.693049074250883,0.319861162052553,0.688105813262436,0.562006453519408,72.7127065225001,102.14715909241
1467,185.807125,78.1006742291957,21.4634896566032,0.93810043936845,0.434100502972472,0.761678789616022,0.422282957705537,24.0364237065798,79.4953296938147
515.25,111.824125,39.426643247095,17.1797210046578,0.846394149987937,0.611524776962188,0.855610580242045,0.606989428872445,18.6450768556586,40.7750169959612
2489.42857142857,261.564714285714,86.2076585600523,32.4470465199748,0.906947842167636,0.296176554198563,0.66452111317503,0.371820565132455,35.8859292135177,88.0338629737896
7748,841.414,139.485730670517,81.5645208276908,0.809670226068917,0.206496479898142,0.624665240981778,0.410900937181495,87.2655179125558,146.829481881827
1292.09090909091,232.152909090909,83.0607147029394,29.2417776016186,0.851944391996984,0.429576787396915,0.670096574041796,0.405014306870686,34.7376361790022,79.61559905874
927.933333333333,169.723266666667,49.0019348881207,20.9110875362024,0.84913084134332,0.453586704759451,0.739962674955652,0.479811705129355,23.3060534771917,51.5037961662981
559.7,141.919,61.290417045137,16.7390791830514,0.913856796939995,0.346911368263502,0.724659571368866,0.372820983440033,18.3189041515971,58.1802005024006
801,137.194833333333,55.947863668814,18.7645020938153,0.895575160339611,0.581833430990536,0.862983737520143,0.625022897086351,20.3572345986315,53.4708683871541
92.2432432432432,34.2449594594595,15.0878252738961,7.37891241110672,0.768546027439957,0.791025343535951,0.931707896039037,0.700747379978988,7.79772798894315,15.2993939237
2031.5,302.9629,88.9388436710997,38.7859800976712,0.890263803269727,0.341765163173108,0.643713421757973,0.339581203486175,41.9943430848784,88.7390848426201
44222,1447.009,320.982875846909,229.111698704522,0.700368262364915,0.264254283248303,0.748054672169971,0.548449107663306,265.166312225558,328.385444257202
165.487179487179,48.6943717948718,19.86541027587,10.2495972660871,0.78185906080103,0.739019289191896,0.892845985430911,0.642304681041055,11.2143788837012,19.9389229306134
246.75,64.7863125,23.8729207515021,12.8161110865715,0.761551364827565,0.71003717029175,0.879386448081162,0.648815822679166,13.7823177848489,24.2609989104101
7841.5,884.0755,293.235081283006,64.7738793628667,0.975592677073827,0.125027222516122,0.514892318263455,0.279513793377467,81.0576970722394,286.960626953129
544.5,79.76855,30.544586380414,14.8308829539963,0.838206525639594,0.68375747980597,0.895999264177056,0.616746017041636,16.2422512086736,31.3360319999486
3106,360.311166666667,88.1370782982822,43.7969710754268,0.82280543805636,0.452297809401239,0.763295920696048,0.565676739606932,49.1781493611959,90.1256598614477
1849,398.889,94.9751907952819,40.9478844601034,0.88740478460653,0.39101301584749,0.622232389825178,0.360026230348599,46.9118577755593,101.040812010156
2519.3,320.0139,57.7418322533196,29.5643025215982,0.798003267447547,0.569314550387389,0.823324108748042,0.52063990528289,31.597378858317,59.1840147896532
447.6,92.6809,32.7495698669394,16.0384703251391,0.81922336914875,0.64238144337975,0.84927189738675,0.581271115403938,17.7475220195259,32.559032389984
155.627450980392,46.2680784313725,17.5383077807859,9.75758339120343,0.743767529127519,0.809499796512985,0.912867815407003,0.688945473664523,10.4927273142313,18.0856085211448
6795,1029.0895,345.808625424788,64.3401315094623,0.94480890106764,0.0732624073369588,0.597904672295259,0.377423228346457,69.375746176044,375.299880095904
258.025,67.760675,26.5720536525869,11.931279922829,0.823009865080474,0.675311687507779,0.885881264609558,0.591328064945727,13.0516422712843,26.8407388547257
4464,422.253,183.178339800494,42.8933360700292,0.951760883575871,0.339880111006966,0.723688998121925,0.524048979855432,52.0157557329824,162.155833255981
3338.5,519.0405,132.941880708261,38.7966078844253,0.950511259828726,0.2824605225003,0.625315937335293,0.346704623632443,44.1703449662631,136.128861855283
198.728813559322,53.759186440678,21.0760307256103,11.402735768134,0.78129560822753,0.729545374747647,0.889601338102792,0.639083867232691,12.4098809847463,21.6243169379594
1158.25,198.982375,74.8174424087399,18.0070657206708,0.921720618324375,0.466322707033772,0.77951761903114,0.444681200278066,22.1522022997608,74.2613655789215
148.094117647059,48.7756823529412,21.8361106247691,8.8682883450293,0.824712562258591,0.722239732482065,0.913737589307086,0.642898085835629,9.57013303864873,21.4950416431267
186.810344827586,52.2960862068966,21.2542965136974,10.9637174910358,0.790731680893713,0.740661630827047,0.901716467227005,0.656782475073548,11.7300702601252,21.5503855173469
585.368421052632,108.705526315789,41.8659042816111,16.9265487864367,0.852148695073778,0.556688359673981,0.810998624383381,0.500657184738049,19.2643924657758,41.4087713436946
232.666666666667,60.7184615384615,22.282791917634,11.9691733623843,0.760589136535288,0.729027180742497,0.87641861417073,0.630128386742929,13.0853524859508,22.3676949483221
355.692307692308,88.3042307692308,40.5260747674334,11.1881555463016,0.931069728261464,0.500989438609169,0.878641661093139,0.613713250260372,12.3237141368857,39.6542734436527
411.694444444444,87.70625,28.8337972637458,14.0066658239208,0.787844469294711,0.711699094008374,0.868954708114024,0.641445135554783,15.5721659295173,28.8063835924461
325.25,75.85,30.5042708497646,12.5121966554556,0.817179229244385,0.66439210361666,0.856183328183336,0.585537230761995,13.8811328752494,30.4214945343385
713.333333333333,140.221333333333,55.8689511370834,19.466997875677,0.865248865077292,0.493519631530512,0.783891805821476,0.471889179884644,21.7597613656457,56.1851858042266
649.75,131.596333333333,47.3162115879822,19.7355578012118,0.856018693220051,0.54235775717999,0.773383931953177,0.539210720574221,23.2208224367821,46.1184330434269
440.777777777778,84.4329629629629,31.0183939006757,14.2230951855388,0.823721754446677,0.677283308787293,0.892433307443465,0.640791459280474,15.2477513652764,32.0685868916935
429.2,93.4074857142857,33.4253046243817,15.5535845372495,0.819998750411823,0.636501748632522,0.833568173910166,0.582573571380012,17.4315885583235,33.270193042556
4949.25,581.15875,96.0852709507092,56.7177054471779,0.824608175722879,0.48743051639809,0.732085666405632,0.529892268651969,59.6032643225623,119.844711205719
987.777777777778,136.454611111111,40.6694382002314,21.8150285919253,0.700686608592856,0.671481393867898,0.843825016882387,0.611583657123887,24.7573742915899,41.3346255524034
112.225,36.543225,15.4269237896646,8.45547507153537,0.729098401093279,0.817020063749222,0.926778811481495,0.691019401071443,9.10850522338279,15.7565707866015
413.592592592593,91.997925925926,32.5261854173322,17.7344252552477,0.777592524752737,0.607872559628222,0.822824529625058,0.582012126236954,19.4800520322009,32.9214392423038
15835,718.335,181.001483404719,118.274074253387,0.756976095671924,0.382281640129992,0.827368201055437,0.543784340659341,119.091608943513,224.43707358634
302.298245614035,70.7576842105263,26.2335922255351,13.1741858677906,0.788123779132252,0.685350100536165,0.869567538846976,0.606268597673278,14.446708927228,26.2061655693692
1149.77777777778,147.752666666667,52.6669338356239,21.655443314435,0.71096099525363,0.531511737596107,0.780238946293114,0.499651215921306,23.6307910701701,52.922477389121
688,143.145,45.0328523286563,24.2885184481839,0.815168425671991,0.546182811388748,0.769852956679623,0.533057024417764,26.828822638208,45.6317581650321
1629.8,212.8864,59.40087538122,25.6428851424454,0.899178183415683,0.455191057750266,0.751789596161656,0.456833052158916,28.3585726180562,65.6569033414853
638.714285714286,141.491666666667,63.9240612899755,13.0946928865551,0.872782164603613,0.516727161557116,0.81343184954751,0.534678303634342,14.8587712125721,59.0537368958067
337.965517241379,95.2904137931035,44.8318349657694,10.9431266855737,0.876762948165063,0.586772923131338,0.840422170265625,0.523846647180416,12.4384949730375,42.6368309109474
28423,2478.731,363.481299271909,162.565889264236,0.894410531155527,0.0579856877792183,0.557565176452125,0.334853090172239,183.942256786913,375.91754415031
3256.125,302.99325,79.7976337710661,37.1903719464491,0.877718237176606,0.429519634791124,0.723658796257494,0.468817597755743,41.1151098744431,88.104944081227
758.142857142857,116.495214285714,40.1031244594586,22.1380569436554,0.811037430994712,0.616437203809857,0.839076538503347,0.58520617132647,24.025108950691,41.2132520028605
181.806451612903,57.5150806451613,25.5306916446343,10.0410743261144,0.814133320966975,0.704337590826942,0.87741095455328,0.61240396587063,11.1211738143876,24.5633177759284
12132,1080.96,166.571306796908,129.775174510631,0.626903623896147,0.129718614310373,0.462859104955935,0.287066395343334,162.093871903471,226.797266297458
1180.44444444444,262.682222222222,80.932727766214,34.3906489420203,0.856827763617442,0.378255750880025,0.642975944091844,0.371218116456081,39.1213789360061,83.1271801168463
858.416666666667,94.7275833333333,32.2165134699509,16.4667612585293,0.764637121255841,0.734067526683919,0.887824060379851,0.659254591538089,18.3048202161408,32.1446378356049
3934.4,516.8872,157.643222727488,36.4279869626182,0.968082429706268,0.24608878292783,0.662078984960924,0.263299245444989,42.7163303103203,149.933889232688
299.2,75.461075,31.0784957594989,11.694809261536,0.798979813639496,0.717398912701155,0.886040418557923,0.61748848458041,12.8050136815005,30.5213406501093
17005,1678.129,302.158509938075,122.826254108067,0.913652518975284,0.0755981672378063,0.496713889294582,0.299215230855856,151.122464385634,301.62891108115
69.6216216216216,27.5917567567568,11.7430580472666,7.10507073168665,0.681446807870199,0.849190479815725,0.947215988822461,0.720642693951518,7.45718569301864,12.3096472738333
1868.4,329.616,75.2304005919845,41.5586505543275,0.851945522257777,0.330801353511828,0.663704941153531,0.34992137360232,44.6551325763611,78.9480911994925
902.647058823529,184.680705882353,67.2477173815616,23.9652075789773,0.86126121793304,0.438222487014183,0.721903541251087,0.459959787595316,26.3617101254568,68.4851849573809
688.125,103.572708333333,37.6009934454012,15.4099577509951,0.805483457839062,0.622756422289348,0.841559452963169,0.56650887888135,17.160306654319,37.5296765673189
395.392857142857,101.389035714286,38.3306643821877,13.7867122452652,0.831044597521439,0.596072993402067,0.823363705112927,0.54148656459005,15.5529283889043,36.946302301419
1311.77777777778,171.554444444444,48.7322912534492,26.5266812511337,0.742266343112539,0.543030398367072,0.793000594080207,0.499638530144486,28.9729011788959,52.7621302714582
5608.5,598.393,184.553709773441,42.2224294916609,0.913403696459222,0.218551460306269,0.629212354760048,0.352163791803448,51.5667474736323,195.793392528903
335.933333333333,87.1589333333333,37.1545749382048,12.5568490090921,0.84352791455605,0.617945839139683,0.85308132603193,0.564163210313254,14.2673195072592,37.4087841343769
517,107.915464285714,34.4161610404751,18.1857517869788,0.801856101366266,0.653128271886501,0.844897552335501,0.578019112312731,19.7947531033386,35.5185579061149
682.9,139.08705,48.139817805529,20.5245484047418,0.813788575752037,0.478110115052107,0.786910453400149,0.463205375990198,22.1693892103621,47.8230748141158
972.333333333333,140.120416666667,55.7354740322312,18.4656630478951,0.863103594986533,0.536219337177274,0.817784873644868,0.483398119086019,20.1087134178501,57.0662202535174
694.51724137931,152.468793103448,53.9983954753785,21.10498655718,0.895652953980258,0.491151887972795,0.73968898078361,0.476184268176489,24.0389345726752,52.6058697250146
259.971428571429,70.8933714285714,28.797136037367,12.5918700562587,0.821313674156262,0.654853579198408,0.850553499298503,0.595881937189289,13.7354258556295,28.1258849141131
158.609756097561,48.4671951219512,20.5516075390376,9.43731108211081,0.76970790355759,0.739207090745145,0.888355369860374,0.630182468830831,10.374186518597,20.1654502200868
109.311111111111,37.4353111111111,16.166498416658,7.69521418596026,0.772179677624672,0.783194733426447,0.917418145053898,0.671732770872277,8.38191365445048,16.0528325946268
4956.11111111111,309.484,74.0022035393566,41.6360631169944,0.837186004883409,0.489510322068243,0.742653367533489,0.520407599699247,49.9353034538406,76.735573455519
880.45,173.5527,58.4367895466687,23.893636561238,0.880228400283081,0.436830428827752,0.72133839987042,0.464176690696873,26.3981737779692,56.032289754887
4341.33333333333,609.505,164.002317747542,61.838292342788,0.908364525302444,0.145955702474205,0.442676625937654,0.197944725596766,90.0705393265787,168.979430509695
2033.07692307692,290.042461538462,79.891097330114,28.8175878985044,0.906566988504578,0.409384247822803,0.715681870432327,0.455264885398084,33.2330742180761,80.2906512647295
190.739130434783,53.9138260869565,22.6028904402189,10.0995637419109,0.765044456746466,0.776732160156435,0.897340355636229,0.644910180172753,10.9205423977491,22.622280805815
276.659090909091,65.0337954545455,27.4239204375236,11.9136648707208,0.812617180009996,0.677932163792298,0.867241816352831,0.615693943135815,13.2068713850144,26.8575473357105
302.269230769231,75.8438846153846,31.1880682514576,10.9255349806467,0.852848316141314,0.661138491866354,0.871220509476113,0.632162963528499,12.333730333518,29.8601128106801
190.4,51.75105,23.0368859745952,9.70839209965405,0.808918535388358,0.752250649522165,0.923715406730943,0.664782348035135,10.4056008703437,22.8486747804925
899.533333333333,125.1246,44.1463579571725,20.0509460289169,0.851009877585811,0.53075214366866,0.78007506222859,0.479089922192891,21.9411634157987,47.3902100044879
159.787878787879,48.6657727272727,19.6677382959979,10.5343468802446,0.761034923881462,0.739535322380973,0.894736103421922,0.657309771657128,11.3362683291802,19.7661095111821
2031.15384615385,312.556461538462,66.1127637857257,26.1887897519113,0.89808034892162,0.485341842360314,0.7876881042882,0.485007015216679,34.2691958794801,64.3644970385776
286.8,69.3545714285714,26.9484291654485,12.788115725557,0.804559712661795,0.678495580632114,0.874776866789394,0.614491632437735,13.7361547337781,27.265086555786
2421.8,363.2014,122.718554173925,35.8479981475311,0.941219750295343,0.330555087450731,0.664081779556287,0.365689807302558,42.6496287014604,117.655523268084
155.818181818182,43.7535818181818,16.4567365649286,10.1020641402433,0.73737370333312,0.802511464332403,0.921439870513504,0.676777039108281,10.635178648875,17.2401474035301
687.969696969697,124.473090909091,48.0451256242027,16.8274430401347,0.88219562572475,0.508277680627447,0.775327612617436,0.493361037720548,19.0508175645646,46.7238883760018
383.944444444444,92.2294074074074,33.1421908384837,15.8598232431443,0.822339560440695,0.590002714512225,0.810274073334196,0.56099479571631,17.3602161650108,32.9787750970452
2088.8,315.8646,110.224174259074,42.2371354195684,0.893052630263298,0.426795363578036,0.685462474361145,0.451764265681703,47.9805970343091,98.2770775997563
3412.66666666667,271.425,89.6940607722622,40.7205328793184,0.84505511871925,0.369852930520364,0.719254777720081,0.493709122002362,45.3260846970807,91.199961544654
1064.17647058824,174.182882352941,49.0169333786937,24.8341409131748,0.813157657161957,0.55698631831586,0.797518779499729,0.541552643502956,28.1320194964694,48.607397211001
216.625,51.9846666666666,22.3293365482563,10.6573857708045,0.773602111896126,0.794569787035384,0.923470264000239,0.663507024318826,11.770308787372,21.9594096382072
826.6,221.6604,93.0646643859438,20.6186574541177,0.972988501537097,0.258424044889914,0.545333660480956,0.263422171393149,25.4185175969533,88.5380012389337
13357,1386.369,206.636258381832,143.379792484086,0.720095195203543,0.0869350816258451,0.370955647512984,0.209400034489786,217.55327725263,309.61427615664
250.15,61.991,25.5358993225557,11.7030049605928,0.810155398052126,0.684094433206326,0.876225446931088,0.585933843197326,12.98792899488,25.8204785434818
847.947368421053,135.679315789474,41.9145660980315,24.3450750775249,0.766681552180684,0.599598175302989,0.814903123095929,0.556341566486852,26.7814645251493,43.9500475322204
140.452830188679,44.9389811320755,18.9157826545573,9.65225062733813,0.75080297097763,0.774633744124383,0.90000012325047,0.660869399060996,10.5599975397321,18.9066532617575
2484.8,248.164,81.530625535711,32.4597261779157,0.850420692316844,0.409693295342036,0.715973053056549,0.43785539334169,35.4456306513623,89.7416294221959
13841.5,578.424,135.872474492527,93.9502654900628,0.779376364415385,0.318960463520552,0.701219572084828,0.475540024960901,92.2712211367031,151.969742008692
86.3157894736842,32.2785614035088,13.5016986978867,7.93859112257825,0.735583641995477,0.831196776663018,0.929868274905922,0.695356206388284,8.5430554392323,13.9600439088333
8499,875.165,177.955646132132,92.99051816804,0.85260934769139,0.138447592477695,0.479438145202234,0.428463399879008,114.979532698107,192.083315256688
463.259259259259,93.8362962962963,35.910519803274,14.3779006338745,0.823676126604129,0.664807251642566,0.882309108892254,0.628456766887277,15.5966864248011,35.6849941258851
188.571428571429,51.6928035714286,21.0139309278327,10.6716756786846,0.741585660881243,0.763646771739979,0.903587711869359,0.646276920828978,11.7860994931066,21.367220794815
11574,1029.938,216.263560253861,146.704749543251,0.734728827956191,0.13627800800743,0.369021808442801,0.233577526185143,193.891337880196,272.620615508072
3880,529.5025,111.582680845817,64.2592883527439,0.854181217162664,0.231265132874641,0.594991299265042,0.3176812676339,69.147784551822,142.352332268258
118.901639344262,37.4170163934426,15.1400503202786,8.12455337941928,0.730833943117444,0.816567429846466,0.929435508598577,0.698837781439737,8.91098214774683,15.5741073211512
248.625,59.72525,18.1443672975324,11.3548041026238,0.735858338503479,0.794410770224613,0.921281196427712,0.694861580860785,12.0464343617721,19.2397111884809
43.0454545454545,20.6810454545455,8.88271380806232,5.99118147499897,0.649434740187195,0.888267602625578,0.965093004411444,0.757718887804115,6.22912848169152,9.52226224249658
1270.35714285714,250.7535,72.9797263335427,34.6918959142559,0.859046438374974,0.32381889802151,0.608852837222471,0.38528701691489,37.5062008090853,75.193838644071
563.64,125.3796,49.0938677701302,16.4422454455558,0.842774446814012,0.589013892415229,0.814020937094364,0.538749770781604,18.2164960988507,47.9106023977445
1396.44,198.80416,60.0677706742392,25.2822887113439,0.876549268719852,0.491010769593435,0.790356936423058,0.462188188593164,26.8684307922222,62.5010360012799
273.8125,58.54175,22.7525997124966,11.9559549227777,0.796742222643765,0.762921948235881,0.929920650381058,0.642109043039606,13.0051701678951,23.5438457699178
660.5,120.312555555556,42.4694556382495,19.0666609821967,0.863164348968392,0.527593724739018,0.775344141197108,0.502333340910702,21.9219834535161,42.5008793272116
363.233333333333,85.7114,31.4242525172288,15.4344172039136,0.790317903770593,0.651233929695788,0.841308896015012,0.597651392495622,17.1309466787825,30.9525811164012
971.5,144.80925,53.6298487005287,20.6332163097141,0.860318187566605,0.580515161663103,0.796286104993891,0.542554360043233,23.0955274042804,50.8418496921073
569.1,122.93065,41.0857484440592,16.6564207756073,0.845256809704045,0.615536291015156,0.836872530719253,0.57103303592951,18.5492194303011,41.6031055508078
822.111111111111,126.067111111111,44.5422771379641,15.9228357203277,0.935847575943785,0.5206250200092,0.841349905384642,0.557614645505049,18.2892825523051,45.0835604223037
676.107142857143,124.719714285714,41.8086508726519,21.0169385803884,0.820897864013178,0.595479116810286,0.805203243797587,0.566144162766315,23.5668046068178,42.6509544046698
18994,1140.731,277.813548453624,112.903517958631,0.913695119404762,0.182419385727796,0.543058096980787,0.456586538461538,126.159744250102,329.607342151233
1283.5,228.172,68.2990889720482,28.949785042295,0.86567658173656,0.432648064819637,0.745000034531765,0.447355071462665,32.7793126912511,69.2248547619202
1049.2,211.2978,52.2909270139233,25.1687027858853,0.867116088227543,0.547226646895154,0.795682127811925,0.519955923302884,27.993516284179,51.934179863428
534.2,122.509466666667,51.9895566934174,15.2649296904576,0.839915698099977,0.57593513541182,0.818550865560201,0.524479447884785,17.6569747829789,49.0476052826185
1768.90909090909,195.243272727273,47.1491922172184,22.6437195174467,0.797351956662116,0.649023301027133,0.849595846380802,0.630880505673137,25.0309909962177,46.6962468609399
386,80.6286,27.5879407063134,13.573929008028,0.804479133785343,0.689530973005296,0.87219752925669,0.604275196933386,14.946699610774,27.9500800003938
608.551724137931,120.687931034483,40.4689336405624,17.7341952196961,0.853806879682628,0.591709801019473,0.817322157122992,0.553556257332804,19.5815684362546,40.603675537185
9034,1078.335,183.43799794282,124.569402081999,0.734062624487273,0.0970634451755928,0.474873843566022,0.290099868340773,130.038789690104,209.086106664216
2432.7,237.6771,77.4699190087708,27.6720947435909,0.862616059407547,0.45281690973626,0.754826749575994,0.478722605732223,32.2991097992105,75.4257730011993
1203.5,225.4895,80.5441719519165,31.3138703706293,0.924921225982909,0.380204969076484,0.70486489894006,0.507577807542399,34.5174472103217,79.4648344369892
4245.5,272.4125,87.7378368541513,48.490971554173,0.844496242509736,0.600491484717902,0.861294277233787,0.560040953364817,54.2341058283149,102.126617891833
2830,262.096166666667,76.473696537231,34.0553877430365,0.870939020037321,0.433905749138893,0.814205850172656,0.497063345522059,37.0254201063673,76.5449289229215
3074,626.082,108.217902955427,74.6563163974028,0.723932993529408,0.0975671751382673,0.354433298743226,0.267676767676768,85.3642138613601,143.387586631479
270.618181818182,68.8896363636364,26.93963560385,12.1194511368523,0.810246398038607,0.687993851864828,0.88310298181424,0.622146284042065,13.2779999843203,26.9380414798524
1779,415.24825,156.687244050146,27.5653811474767,0.959084179677817,0.311941650193483,0.606829142366034,0.320387841315839,35.5916382236199,143.211382254802
2658.5,340.4915,100.094629325657,42.1584153630153,0.91357232678116,0.282593880060728,0.628805586913695,0.351457015418607,48.5832294455257,109.442190748647
7926,548.084,120.29995452114,82.6653446201713,0.745646984134964,0.240674767815067,0.668346395919844,0.381550659408975,87.2084199009564,137.635065476862
4037.5,383.977,74.0310308471316,44.0928067111447,0.73465594267193,0.489239104872794,0.788509699479189,0.548888852168092,46.9131573909486,78.8678586295702
23616,2100.233,505.974188755369,104.154736171961,0.97858357775845,0.0670784404570914,0.429749058286172,0.311688311688312,160.342467306444,462.1309338272
470.941176470588,98.1264117647059,37.6509940190772,15.2231556138798,0.815663698522055,0.655694131875864,0.843277102023277,0.56904413131221,17.4879887837091,38.4184637003238
6063.75,659.935,131.517418992472,54.5902093909434,0.883150791431933,0.48024020694663,0.770081005737918,0.479205649086657,64.9100290041337,132.479941256715
5418.66666666667,567.112666666667,115.60926487836,66.7506794870403,0.831734855211191,0.374510328973895,0.682683287046738,0.410840717173792,62.6013932082172,128.344842549702
3018.42857142857,436.925285714286,90.4666395165509,43.0877729896043,0.852092533997671,0.357212718816532,0.739356617139883,0.489848271728736,49.1610468471664,95.7025446808577
418.289473684211,96.7592894736842,33.7611726780837,15.7458269756655,0.825363443710422,0.624313393171292,0.843218855305313,0.568883882093334,16.9912014097226,33.4776956425361
420.85,90.2977,32.6863605592749,15.486420447957,0.799168059922413,0.671551225392037,0.866991000849478,0.619691909662222,16.9700328810495,32.5929204651312
927.833333333333,160.785833333333,64.7356065924768,22.3218705503895,0.911107946390337,0.432795407722389,0.742316941556364,0.510350207165139,26.1935342897209,64.0816871930583
141.058823529412,44.1201323529412,18.1244475547731,9.84385616977495,0.758393953386545,0.780249202263419,0.91189871981236,0.666808075792565,10.5583866608042,18.2396549672774
1509.6,183.644,56.911418350993,25.0739238165213,0.880983799049992,0.548406229769676,0.822905708185139,0.506791085286356,25.3120437163856,63.8378696779854
7857.66666666667,495.619333333333,133.443219252421,63.8184105310219,0.869248184301317,0.229531501585573,0.603181435859326,0.299604847116084,73.342982422175,154.666857724704
35660,1709.656,300.139054622513,173.976740592474,0.8148628617945,0.152749260046409,0.778126909313084,0.513389000863806,196.57251361305,325.582554815211
613.545454545455,118.761272727273,38.9376916464707,16.9331421795656,0.864046361002908,0.650911759619717,0.889408565354272,0.6737263067563,18.2603077526728,38.111567228641
863.76,141.47064,44.4733759939494,21.3893938856887,0.827760078902111,0.598637139432061,0.851556052733712,0.558011138632241,23.6759210138056,44.5777008415663
310.8,68.2317,23.6989666573644,11.5851517035086,0.775699576517298,0.738508428904635,0.894308120001754,0.639205083444663,12.599836102484,25.1509466384142
296.727272727273,74.9391212121212,25.6368785974871,13.5954011704758,0.78608268015683,0.682740227818354,0.860514466489354,0.609036150839804,14.9356696527588,25.594052571586
2787.75,236.97475,73.7040572545949,30.8671779078054,0.872390563362516,0.386796514302389,0.714563221097591,0.399566202415534,33.9084153093081,83.8980625504616
452.119047619048,103.414785714286,43.7785438962623,14.470973046372,0.88541210789128,0.560705464893481,0.852916974149572,0.527712343379758,16.1071594650322,43.6722726855234
1401.75,246.514666666667,69.4736316291668,29.1019788320718,0.885867268963894,0.385212259226793,0.736004807927245,0.426094846248915,31.7517411749368,71.5705384134939
1110.58823529412,159.089882352941,46.8761204197243,25.0911956560726,0.740467561956957,0.614124434379034,0.819806411393688,0.574115411038934,27.3294953940686,47.8412047264347
12280,1656.251,183.930828931577,158.941747588482,0.50325371873251,0.0560415239435613,0.408978884966362,0.259619450317125,181.371311702765,224.040174968687
1272,149.4205,50.2630370149084,20.0631381411979,0.907180285366007,0.53089483339624,0.813114153801664,0.474812719313029,21.5552336317673,48.8939040477866
10097,940.11,179.641187792781,115.64725441044,0.76522069858451,0.142609062851739,0.480946937220158,0.292158564814815,129.316528270265,230.464747846607
1985.25,253.727,66.0643021032701,28.996354784863,0.914633570424363,0.486077725585836,0.772340953429756,0.452824292609484,31.8534606402294,77.0363876086045
714,147.769904761905,58.8587048423225,15.1014548192309,0.938085883531529,0.478009359495813,0.809610756745762,0.488518962927247,17.3212597170781,56.3708110929278
1960.16666666667,287.527833333333,105.086500343829,31.0575518877757,0.951424079865313,0.324679978467446,0.661989649001153,0.376781878362783,37.0678704591199,98.0184108843752
4720.5,458.64725,229.372496491445,20.7322258406333,0.989757938189936,0.254229274581621,0.720296750110314,0.379121032531747,31.6947523743142,196.951032234714
935.235294117647,144.495,51.9081097590479,19.8351361180373,0.874529021390441,0.535418333023341,0.78123903323895,0.542590108728011,23.7401186267931,51.0910142632923
1151.4375,150.8103125,59.7544774429143,20.6052624255555,0.886294958572125,0.511230067173841,0.829490870480708,0.506802323935651,22.4043077972048,58.4276410606561
2745.8,269.0872,79.2284368588651,39.2631463405805,0.858165062487202,0.466737152521667,0.777311257130269,0.563972191400045,41.7377223410518,81.3652351622803
274.8,64.93476,23.6219433871571,11.2827838470618,0.786010418296032,0.75368273722338,0.906626598659259,0.647950913006921,12.6781122538054,24.0570726776765
652.233333333333,143.055433333333,53.3240718124113,16.9613122172584,0.926335399655928,0.466390988406136,0.779273416252467,0.423626273712327,19.5012789346899,51.8581408790848
418.055555555556,101.977444444444,40.0405668172085,13.7572665218348,0.889338696023596,0.580802896311701,0.825167256403908,0.534237089824377,15.6723666262469,39.2046662670806
172.947368421053,48.7975263157895,21.016948073746,9.50377169314433,0.806748366812335,0.727615777363213,0.90339695633972,0.603541143498499,10.5237999504255,21.0996429572739
1658,298.5525,92.9986486450471,33.4912174777453,0.930742024048024,0.322376884696798,0.633877679925872,0.399107584973922,42.3313223207253,94.579527110716
474.733333333333,114.186866666667,52.1218688424859,14.1883938879736,0.915491558349121,0.504809878757552,0.770806887194282,0.460374053425231,16.5529101012623,49.1563180565044
1482.66666666667,245.757,59.1086481935559,25.8200476649254,0.886275065755545,0.513741772649539,0.78857659398636,0.477842359697416,27.9570190104645,60.0201782922052
3183,309.622833333333,103.445758846045,25.9477258898341,0.93957272935495,0.34777159246297,0.771617856161397,0.439868906084405,31.3729623643114,114.308456825269
5630.25,601.15975,110.508045648936,46.9175717049617,0.893024119954145,0.364110305880297,0.694997317062875,0.412202232924708,56.2943864617499,128.015808222872
436.238095238095,104.865238095238,41.7403921232069,16.3161504493726,0.877778499665703,0.571553177115956,0.808306974412127,0.518297632372668,18.2409905997604,40.3583216490099
321.177777777778,81.4557777777778,31.9489230662128,14.0081287300868,0.823457899943513,0.631528244872614,0.840206786627286,0.560830433635778,15.9957631367868,31.6510866409922
4755.25,401.95,94.1225592630718,46.4727322317528,0.848858299067929,0.347089683787217,0.615725781555694,0.390681315740515,55.1736856994946,105.538702429986
1247.71428571429,192.248857142857,68.8717980856365,23.6040893445443,0.889533814097018,0.395258961694812,0.724822540138665,0.380819726544939,27.0915041712788,68.6510226126047
858.615384615385,157.042307692308,42.208399536875,25.3460486291945,0.798359022567096,0.589698766550373,0.815907483521407,0.570390695653589,27.8522231146137,44.7334486107556
1297.28571428571,169.512071428571,56.409514166293,25.8614563839358,0.872979093667561,0.498796755561146,0.798818184725954,0.496208849698535,28.6241309919165,57.4618892201862
1790.66666666667,280.839916666667,81.4628224646999,31.6945078844386,0.892174358872407,0.342419209641342,0.704709098077688,0.437344249956865,37.1596515503603,81.4048821823093
2240.33333333333,241.673222222222,65.9804591568816,31.2347709662987,0.873543216959999,0.4743205354599,0.76561579721738,0.472250722443482,35.8434143189228,66.730334829104
358.857142857143,80.9765714285714,31.6196087126766,14.2418601903806,0.823635346921212,0.65339105975319,0.873069546096137,0.618149811090168,15.7573040838585,31.5114572154778
1030.71428571429,148.812285714286,48.1928257556934,25.6662604274962,0.815008760232423,0.540774655655444,0.809491126944587,0.532419027441392,26.0653533099005,48.9710348086488
466.269230769231,109.251846153846,44.1743777320623,15.8065881346742,0.877391207689273,0.549526716773947,0.812909551211964,0.526740716319419,17.5869102032432,43.3244544114964
2086,283.653222222222,77.6071134327404,33.4534670290371,0.877076141682018,0.412540836349234,0.741640278519453,0.446183538135512,37.9299589515238,79.8825616020871
136.147058823529,44.0594117647059,17.4523809528571,10.2153450480464,0.709415776918889,0.765609265448166,0.891065513463877,0.675612416101883,10.7440704537742,17.6658779578494
1517.44444444444,242.057666666667,61.0907530207796,28.6660545974393,0.842743327255879,0.455465642122507,0.767852900560576,0.519980259058882,31.6225560616169,63.1141031788748
620.607142857143,111.886392857143,36.3163504470953,17.8541473857378,0.834398651724536,0.654549848570058,0.857293563527286,0.644042016806001,19.2470533833279,37.4533871878853
1380.8,268.363,74.4079948490462,24.6747314274392,0.924788274495017,0.376561757646839,0.691227179284006,0.428349918926099,28.9239360498584,74.9315796403227
3628.25,464.46725,107.01988955501,54.7097337179513,0.863724918177315,0.408509613943123,0.699037966630381,0.418140413175017,63.0780096693209,123.113630846521
1092.21052631579,169.302631578947,59.8132385492383,23.3992754522217,0.861522805428124,0.438231789574626,0.751981330506866,0.420295104017611,26.648490174171,61.2589181759948
557.318181818182,118.117,38.4876898095108,20.0152072350538,0.824425769014047,0.543068425072227,0.792893796131413,0.559451035137749,21.6169114971546,38.8403713782531
649.631578947368,118.431894736842,42.8091538470347,20.6229651543067,0.841758226408478,0.598767688168857,0.832993168614965,0.55334500971807,22.7659650063004,43.435455921133
1109.66666666667,179.035666666667,68.7303276172624,18.2837642082571,0.953822630810196,0.459473280713264,0.825115251636613,0.520083718218541,21.273238395391,74.6050917257891
178.952380952381,51.7896825396825,20.4849345972728,11.0156635952489,0.775000755442347,0.7477662133937,0.890611743530113,0.634864581055947,11.9549018852315,20.9118245248658
2370.25,284.184333333333,54.2063905345854,32.3764828063281,0.799303585990766,0.575148004595745,0.800849602939171,0.534714567500739,35.2385036387691,57.3473448265639
501.888888888889,92.7275555555555,35.3143928210335,16.8063126621867,0.820551255020776,0.590499506877292,0.811838104693876,0.540767902584402,18.4573045911872,35.293765515096
1317.25,126.580416666667,41.7384024026682,20.7551691482317,0.853550296840208,0.633756366396117,0.854655331771955,0.597975955867663,22.3286126504335,41.8796487574923
4762.5,718.0915,161.682546630648,66.1903149476168,0.935036552940599,0.207708410913696,0.554953481646561,0.222477870351129,78.2704108385285,178.212244908571
271.307692307692,73.6136153846154,30.4295273845294,12.2540013745294,0.811484574073115,0.66475856253477,0.868871935367537,0.607873040507434,13.6446073551672,29.5550467283155
423.375,92.273625,37.9199339212055,14.1512304220431,0.838455221629552,0.587721398591757,0.81542120381343,0.530529598830177,16.4655331371911,37.0320845727489
1330,267.77275,66.1851137579998,31.5684081944722,0.909474045265234,0.471159742287626,0.721082216221186,0.568372253175134,31.9536791794486,75.1784517284878
524.913043478261,110.224652173913,28.6994772119557,16.3820092487741,0.813087133890866,0.702853710312763,0.87817949122447,0.613086684050169,17.1671059580129,30.1408085600937
3632.25,592.31025,224.738677102987,27.1942521517495,0.985412404667621,0.154994629005968,0.594741805645913,0.23473277825745,34.1187838760223,208.782228200658
484.058823529412,123.139705882353,48.6544801993793,16.2434627164188,0.892887756009924,0.529357047195217,0.77950950515839,0.461552446971875,18.4757182591532,47.0358409270121
158.830769230769,43.837,17.5171850630876,9.3309394919817,0.739120291128348,0.800685380471512,0.918588400571884,0.67860628752035,10.0203380259415,17.7948747158699
1973,287.657363636364,90.1193500369574,30.4346508413704,0.895857845647293,0.353200955412531,0.677019948532148,0.456440598025657,33.7802314813232,96.7775890734278
2312.8,345.0492,99.0509500594355,39.7601399401088,0.908972673840922,0.307426655967454,0.612226172023243,0.388499898162601,45.6568910694432,97.1641369107592
251.37037037037,65.7116296296296,28.1660430171366,11.1394870138109,0.799890346397614,0.680548921854086,0.874061940022989,0.606795669525009,12.2102567236117,27.8083528972513
1799.25,450.30975,168.33779129297,39.6484571369235,0.950137279148593,0.199843091903466,0.545000590878168,0.268339932700415,38.9374029657752,154.687822401415
1736.66666666667,304.578333333333,97.0795422100797,31.0055284046483,0.956462593148347,0.293439685595533,0.613773237627048,0.292544945545083,39.2481577097992,93.8658862116058
2612,586.393666666667,127.35274250903,53.713933352583,0.7849399798106,0.538360605938799,0.673838781513168,0.463094043819078,55.1412111235685,134.976877257645
1498.8,156.451866666667,43.2551750482508,26.0693059994391,0.777339313501949,0.566040753450425,0.817566057882464,0.585595691344696,28.4924610115823,44.8094091803514
1099.91666666667,150.79225,48.7369298380488,25.6141758690137,0.809487960200572,0.508814436617471,0.798654870430313,0.517936068426398,28.1348410387257,51.1083214519391
1541.5625,187.412,69.0339586991685,19.5518188634435,0.881172436350851,0.517253191242496,0.790025713501222,0.502282268433122,22.5829118694321,71.734666502696
712.5,161.632,40.7293830747212,19.5270396687519,0.843478711516327,0.61613442147804,0.814341145222271,0.575818979900958,21.8407450571308,42.6316317360372
4553.83333333333,391.309666666667,120.181084953888,40.0515006959612,0.939804168055298,0.25382637264967,0.682080576069257,0.412611622093219,50.6607480817342,121.524014579392
1754.36363636364,242.930818181818,66.5918158029096,21.6352920773755,0.929710847116605,0.43703146904554,0.782286014285574,0.394802636191307,25.1419524954905,63.2072400748591
14547,1701.747,245.804394852193,148.367768089321,0.797286575900306,0.0628914044190784,0.427337622279017,0.284298780487805,195.383488704029,250.059992801727
7832,617.964333333333,163.870414140687,62.1233973269331,0.876483151362494,0.180065023269793,0.725424506051266,0.271094785934012,64.5847079074573,165.921361087093
510.1875,101.6241875,37.2449725740466,15.8424811257676,0.835403342086416,0.604934883274339,0.837908825172659,0.577558511977401,17.6483759531783,37.4124082916818
611.166666666667,121.674777777778,35.4804496113678,18.5445657405581,0.825474982911299,0.594257800213246,0.825909375008397,0.531345367723605,19.7307585497,36.2074219456577
284.042553191489,64.3298085106383,21.8643681864024,12.942712127801,0.725042816777991,0.74902845260994,0.892961845908745,0.651038281839559,13.9561082674947,22.596867420524
464.555555555556,118.602259259259,50.1467242919281,11.8263891684357,0.906856823183995,0.570199617978927,0.872461315072504,0.687254505792855,12.7778109996567,46.686401750052
2032.81818181818,585.782272727273,159.831837282636,19.6670484120193,0.964706391705805,0.189536350078271,0.70509538817231,0.234568161688219,19.7031897994676,151.701380577159
284.333333333333,58.7827777777778,24.8908199851523,11.4716761465568,0.808942199688,0.730162293062832,0.915481541894095,0.606903818453323,12.3857171358539,25.1942266268773
30356,1325.403,354.73517966287,123.021668014328,0.937939615625169,0.216123571605116,0.709053536391666,0.497028243962341,141.274662352341,375.659420219965
452.185185185185,95.2558888888889,35.3324800786098,12.9877082246684,0.828027352980306,0.653400830761257,0.86907955786288,0.567406419235838,14.5296120923274,36.3413520197361
454.666666666667,98.6715833333333,37.0149478712079,15.7318524092335,0.842262863736031,0.590197435929715,0.830318658503705,0.576975322415218,17.8980188171644,37.5646657126231
2264.25,255.422625,81.9537898709833,35.4702750142984,0.889419645935534,0.481458557133374,0.79523391596506,0.49636355274292,39.1663050626804,85.2330293779237
1359.54545454545,177.640090909091,62.6607685286218,26.6879325398489,0.891797333503978,0.461950742104094,0.736369725774055,0.455564479391381,30.5600854357009,62.4460252815621
562.2,114.73295,40.1040284300094,18.5888016504323,0.844625394499818,0.549662685699106,0.778097913573138,0.517375392848789,21.1225678012054,40.838711847967
2348,365.25425,85.9198375876804,48.2198349720207,0.784577798382151,0.383623815816588,0.677335005139945,0.443606436774472,56.2452034285571,93.7866679721035
1107.61111111111,212.824333333333,71.8685118417757,23.6335666286854,0.871907229685016,0.440314240208632,0.738068546923621,0.437644838199905,26.9853169977785,72.936336552961
182.851851851852,43.5347037037037,17.9385279819664,9.13198156173768,0.775214348539589,0.785609236016213,0.91309683117107,0.658875938816571,9.89207695218848,17.9374411963844
2473,305.0268,79.910095913528,42.7957496815886,0.830220084049224,0.412444601705185,0.733951608663718,0.533315537204987,49.4960407856588,83.4169122395124
1158.8,140.4093,41.3465694452185,24.2157273729731,0.775182780216358,0.54915405060486,0.763733440341083,0.521246009114986,26.7522126543579,44.2178678243271
225.173913043478,60.5172608695652,23.752737160241,11.7524466439228,0.758748275672027,0.721006246240535,0.875201177466097,0.64162875302509,12.8352195430819,23.7686106330084
1892.66666666667,220.581111111111,59.5477095702245,32.2563443803587,0.795326037650299,0.474105776828419,0.765075408761816,0.520013337207542,36.0680978009102,61.6442559729764
137.759493670886,43.752835443038,18.5532222267998,9.43195808952356,0.787666387674278,0.763656323558587,0.907439733319054,0.667479638055491,10.1474750570159,18.4144518828619
462.965517241379,92.9168275862069,33.9041155141405,18.055103023397,0.785747815423436,0.664179041504109,0.867201724164023,0.607846830935922,19.0738592128993,34.4816632523269
54.2857142857143,23.7381904761905,10.6826907280846,5.73543061077112,0.718383776776153,0.799464465692157,0.925089996259994,0.689270296768362,6.15731966022352,10.9067685785952
2547.44444444444,435.382111111111,122.55812407128,44.5287364488264,0.884567835583598,0.244069273935896,0.588489181336026,0.256105832413432,51.7782806009239,124.041030364756
4350.33333333333,657.451666666667,154.280555410249,61.4430450494407,0.899463463363338,0.155876410392571,0.529256872007071,0.307707839585938,63.986840882606,155.904701862275
1295.90909090909,164.385545454545,55.2669756677306,24.9360155105699,0.831633348254706,0.531672412847692,0.800107070825533,0.528237664948364,27.1657921210974,56.3719459853729
3605.4,335.7668,83.766712065578,35.4613821394178,0.891231567859391,0.551267827900016,0.829929556552189,0.615999295716207,42.2980221412733,82.0467952985302
636.75,103.119875,41.1276027079534,15.245058431872,0.870943610046229,0.595336384092832,0.881342325091404,0.58868010134338,16.4767252578673,41.2332629848678
29624,885.955,350.613866163233,118.205723476945,0.941454764198808,0.470929255931466,0.831270870163033,0.45114522417154,136.083509800685,344.501088532388
252.5,69.8558125,31.4911050282004,11.361732750931,0.855598467962392,0.662710854409202,0.860461676410293,0.564261178563741,12.7678439774831,29.9265104027225
250.08,64.98332,26.6337845001746,12.2119295307859,0.820938138645852,0.681740922284828,0.868820271355172,0.59581343591912,13.4464419955594,26.4237003545144
4284.5,345.3435,114.514224195798,42.8638501789793,0.935064119639022,0.335992936764974,0.75254507024742,0.343317467885023,51.3658315937208,119.124771061503
199.27027027027,54.2503243243243,22.3955672064628,10.9568333819185,0.77266373340829,0.747792588732466,0.902686429430343,0.667553980074796,11.8924079573543,22.5015819088025
113.757225433526,43.338063583815,17.1620461438449,8.83904269233281,0.776610130566564,0.719922963592253,0.876945643226465,0.678321748805156,9.49214288503438,17.1161726377795
21538,1674.518,245.501660519376,154.269830975893,0.777901606526398,0.0961628990764856,0.530192255618738,0.32347110416917,196.114607019198,290.506454317284
1039.125,186.560875,74.3262314897069,18.8528284837506,0.849239178009974,0.501459289513966,0.792236189768339,0.475144865149135,21.5934658343927,74.8846326587861
944.727272727273,188.352090909091,81.678743375794,16.9383270254162,0.914462262403635,0.418548581479961,0.760591872308772,0.434298644435352,20.5152448720132,77.4974958608329
595.333333333333,106.379,32.8739207538864,19.5003192042539,0.710050551755883,0.725806831990004,0.878363548933803,0.614419439250306,21.6783577335693,33.230937355753
1373.1875,181.5336875,61.1291883465985,25.3670748160343,0.83882506549784,0.511029121503446,0.771222072904923,0.524171184006803,29.0615491016408,57.2025453295537
874.875,210.12775,82.4998857296398,22.2350562905518,0.886920551452219,0.475594401977043,0.785729312418132,0.456442923717043,25.2855764692133,75.6305103766995
358.571428571429,99.1163142857143,39.7374245111683,12.5734817055939,0.868720235451748,0.557381412811928,0.812438813390565,0.511637623299371,13.8412546001347,38.5457660108418
1345,243.184545454545,103.364186431307,25.206674187234,0.915221999362747,0.383748648119294,0.669523491265107,0.40586456568074,29.6748319513388,99.4623291705612
17108.5,658.0435,176.788154332691,99.0470119002797,0.862444211866062,0.373489852392845,0.736705193217976,0.490991370447737,112.491239926704,179.472925711706
1632.66666666667,293.555888888889,103.292614109835,28.5234653992799,0.933889332456535,0.28781375866851,0.620404340462098,0.317698065038047,32.0884057961705,96.1952741110548
554,90.6404444444444,36.2061380104446,14.0368452399834,0.892396276019755,0.627372667578932,0.887388150417011,0.516521863267639,16.5767731578717,38.3318053384082
557,105.083,32.9840535117672,14.5556152182783,0.8870318422973,0.609688824525651,0.88031178619922,0.539447010637537,15.8062934467441,33.1659100128736
336.230769230769,90.7116923076923,42.0320521438348,9.60792591303168,0.838670143890801,0.604097971987606,0.852357685743443,0.570040283419192,11.3510259908351,40.4471867754958
806.230769230769,120.163692307692,42.2397943277708,24.0561412340697,0.768491214251561,0.65663529691437,0.862166528784263,0.621866045509643,25.62217045903,41.4292463553429
497.307692307692,106.48817948718,36.5065796331974,18.4448844516979,0.79104608126832,0.598579389866072,0.81862047432597,0.560641377609008,20.3304253685118,36.823922100776
1969.88888888889,208.875,73.778040178967,26.7432082108886,0.894238030129129,0.47388587387189,0.764121801849403,0.510996948228877,32.1380114506658,73.3856436507265
467.190476190476,120.337857142857,49.5617062048011,16.6209682018059,0.859050356511654,0.522964895491502,0.797823509815884,0.50635138025136,17.8774727528261,46.0720874708169
281.403225806452,65.8043709677419,25.8424522028096,12.8084181990703,0.790654037882507,0.707191065946495,0.886562733615352,0.631369218215443,13.8875720466088,26.2708771099897
2885,381.751142857143,127.160450970159,29.4329695062659,0.923289627450443,0.301509672415329,0.658778283374935,0.381263352978332,40.1990366892315,121.864603948192
567.785714285714,103.876642857143,40.524523557776,18.7176827755809,0.831306810009757,0.620351697761338,0.842188883910775,0.565407768033541,19.6911950951957,40.659510975189
2918,426.886166666667,146.906362853329,42.6647350119793,0.922625948949306,0.282926691515035,0.565890358776823,0.352363007122533,51.7928418353778,130.552882855811
667.333333333333,162.78825,58.3255089561141,23.2384236155344,0.879108550052548,0.487914365094216,0.781414786072368,0.522948817994554,22.2128701460004,55.4440453847153
1174.09090909091,222.376454545455,59.3490276592291,31.3628416457737,0.827803795919265,0.424598075993081,0.700645028251505,0.472489111751189,33.972832901619,60.1157447781741
12550.6666666667,1247.559,166.791380366207,93.097450302029,0.823256086260545,0.275796241142148,0.652340334218173,0.440080106821524,113.937440685169,187.344240635301
220.78125,65.6919375,27.6695067676615,11.6742483327175,0.854675097218081,0.632072487389847,0.854837722540567,0.597388168373045,12.8530969858552,27.4161235519447
5329,502.697333333333,119.132826099858,47.9152816493929,0.88591198356297,0.342490852232528,0.708237213122691,0.525730092611813,57.2655251239357,120.957570705377
957.647058823529,161.830176470588,48.4435226982243,22.2238430123843,0.818423282018191,0.559548601643311,0.787879000987584,0.525739445881525,24.2710064778087,48.1972764765943
306.416666666667,80.9819583333333,36.3813196062705,11.7926952833602,0.878075648062439,0.605159327798892,0.852078378938732,0.581753806661756,12.9455017066467,34.2625343324271
353.047619047619,80.9985714285714,35.3434695129927,12.1641667328081,0.779560901772128,0.705239834623431,0.886159650579547,0.600706220321341,13.598361580716,35.3937789230751
4286.75,414.38475,134.590154497542,28.9210990522498,0.921033229583265,0.39553537274463,0.830625800152904,0.411378443392027,32.7232260890952,133.399054761845
1104,165.6406,52.0687405491542,21.5009250154182,0.893692855774202,0.475318092990201,0.762574196797101,0.501213028311964,24.6118375228365,50.4101722852693
437.882352941176,83.2514117647059,28.8350963337853,13.2205121376291,0.785434510271613,0.700806690897003,0.888394440061156,0.62502956212269,13.8360915072453,29.714486887455
614.521739130435,110.891217391304,37.7840660954329,20.5173529526762,0.795429280741825,0.646710376340953,0.850303369464806,0.594809907612518,22.0166926134273,37.7101336446109
1150.75,245.29225,82.7590830927058,22.3421521823601,0.875420481839366,0.430264950687347,0.773773858263936,0.447668928002325,25.9475988087805,83.3732150994091
1031.90909090909,166.670181818182,40.660986573448,23.0773918684217,0.860493632782657,0.550216220959158,0.810013900844996,0.548737872839427,24.6132093785675,43.6447549030594
461.56,91.4874,40.0557768126529,13.9470637462664,0.883722288187563,0.615390109295853,0.870416451383343,0.544781846392336,15.8259127850151,39.9079298966263
2796,280.1948,76.9752520911932,33.4444374147024,0.865043543850134,0.4318303988172,0.750521748835139,0.472932188120527,39.5681741823624,77.7535624021631
633.019607843137,131.733568627451,35.7412324869738,19.1151540361433,0.79085730675082,0.648588530363142,0.84526061327743,0.600505781312825,21.2881427725602,35.2783856110103
67.1538461538462,27.3393076923077,11.5367506788367,7.24611315597029,0.683702236698093,0.871581342953218,0.95224652075438,0.724657426376782,7.63839837388962,12.0853939227334
3075.33333333333,374.875333333333,171.315715474554,18.3142082251821,0.976373323772093,0.357959705322095,0.790152257379134,0.565373542271652,24.2364181530059,159.347952606069
7028.5,368,129.407922081295,51.789116431771,0.906718575241116,0.490893569651344,0.866865568499912,0.584158594475187,57.1179281595249,135.587808994999
1155.3,215.9659,54.1500580520516,26.6760604253498,0.823834478274396,0.532585105668843,0.789425366544404,0.518455305305701,31.2538595851375,52.7012811011657
17561.5,961.1785,351.322777829318,52.1101500296084,0.991131721226072,0.157614967613187,0.737660731554404,0.561779558104233,63.4833553507951,333.217792619042
1105.15384615385,149.913846153846,57.9674948687367,18.925477158481,0.845600208299784,0.588655422880294,0.838413870497629,0.614486775003321,20.0637759131662,56.9562216328901
1643,203.867166666667,76.4638135350862,26.7890573590181,0.926566581322996,0.370909158362436,0.718316079742877,0.336922325884184,29.4566026230945,76.0105518448551
1046.27777777778,189.462,58.0828817803578,25.4481467820054,0.861433520396366,0.434736438620558,0.694178820796428,0.443497940479923,29.6353632448295,57.9251699142076
140.261904761905,44.3972619047619,19.8612460367236,8.48270835539708,0.804190626130587,0.746055224266404,0.907307205964623,0.644292107547649,9.35817307953861,19.621742887587
683.052631578947,150.144315789474,58.7617254845296,20.1438046997354,0.926377858447789,0.427278545994717,0.729219811755504,0.440208928161754,22.6987512694848,56.6463861717118
352.388888888889,76.2456666666667,27.4794955480507,14.3822357987416,0.833418576448113,0.629970995052926,0.863822927735121,0.593130466671638,15.9574651631885,28.6027193645113
641.466666666667,163.462933333333,73.0950354414724,13.8852286268947,0.90361416608081,0.475881039826295,0.794305399327911,0.409603160501392,16.5684953183467,66.321311008858
822.5,162.13775,62.5143797153031,21.9589306008195,0.828059685298946,0.614574247809179,0.813321018471241,0.562122997801868,22.8660097395296,60.1300072891356
7924.66666666667,741.679,111.594704357308,79.3266089005181,0.783985980856879,0.445721554795385,0.738639134259698,0.4893248082881,84.4145164314399,126.395557317012
11906,1013.53,458.663099298886,38.2497743704054,0.996516649175939,0.144748597509911,0.687969490350168,0.190052038438208,46.3126604296032,418.133949829478
106.094339622642,37.9713962264151,16.5168321479019,7.99224368437888,0.776678853980201,0.770985321662766,0.917366605025524,0.653675042608061,8.73777606971375,16.7244236913493
409.891891891892,92.0032432432432,33.8839023127453,16.5261750580764,0.824629517490503,0.614306109073949,0.821794714244881,0.55314308795222,18.5083837953343,33.0302119267191
369.65,82.626675,31.542255358039,14.4492855577738,0.84488503184842,0.637912027626664,0.85070877958936,0.578026483080304,16.0894877223898,31.9383693100365
343.594594594595,82.546,32.7715080101888,13.6209147844678,0.857251376929255,0.634171416185275,0.855506034380537,0.572147152146816,15.1300787513403,32.291846085607
867.375,155.667375,58.4645507409358,19.2438749103195,0.887760523474927,0.473497969806163,0.78674471079816,0.454574886708702,21.4307714399858,59.2065881937795
499.263157894737,114.991315789474,48.0259449443424,14.4359997371129,0.844577517986543,0.601882745653079,0.802495420982768,0.554396960639503,16.1431159492589,44.6396572274185
14994,1396.925,224.561337057143,157.439518545696,0.713064867574663,0.0961235905181281,0.416835784381863,0.311634867190423,162,318.127332997339
868.12,127.41288,38.2331730661293,20.2340929310595,0.784428313803583,0.63334417278177,0.855950034304356,0.562713254955463,22.5424923054078,39.161357450081
31748,1421.42,465.116843080936,93.3032637772639,0.979672868013388,0.196591063999882,0.754593207044898,0.466882352941176,108.834092619407,502.204141759106
195.681818181818,59.2993863636364,25.0295041430829,10.1976481639872,0.801891672590304,0.719804601135944,0.88667732790834,0.630000494535104,11.1623204787325,24.3451770217842
687.105263157895,107.517315789474,39.1156785206764,16.311662386834,0.798978354753597,0.668792902732218,0.850964484637692,0.6012249914106,18.2976537865545,39.9858859056497
1382.66666666667,269.461583333333,91.4438381047183,22.5614435012899,0.919689004929433,0.376521397038211,0.707110513170828,0.410389369387685,29.7414388077291,86.5513985161009
156.474576271186,47.7132542372881,19.4907772157543,10.2679727545442,0.755407770781508,0.738838808580823,0.891497203086381,0.638843808398426,11.0956483131393,19.7815898511368
1172.2,149.8346,48.6690454831524,19.0994060103782,0.876282703020143,0.620613865854923,0.869957953777014,0.599708380247779,22.514866852974,54.2267117088104
2249.25,275.37525,75.0622816688111,27.6720853994698,0.875981148157655,0.50758234126618,0.805231025221053,0.505331740245956,31.3086893655265,76.9219035192274
231.78125,60.5443125,22.9077602928746,12.8161966752345,0.794711228745496,0.700999762752642,0.881305260525439,0.620460340978772,13.7365404203511,23.8798627346832
610.21875,129.234,47.0675084875129,18.2717414833744,0.862699919797027,0.528392538770474,0.779341330298421,0.510783084390744,21.2478261089479,47.0470486293165
959.461538461538,181.875384615385,63.2125679459537,23.367766266794,0.884967876595355,0.440602384486264,0.731589427968071,0.462796530190347,27.0358369818587,61.530778579283
2199.5,199.894833333333,51.3173056800991,30.7428072300418,0.811602575474869,0.570275540937609,0.840090736459346,0.552299056269989,32.4857101370102,55.6336411871023
3824.75,366.75825,109.075969212476,42.5453472391134,0.885981364896507,0.35703702662599,0.672459204306824,0.460976155283044,52.5776590093463,113.493313091714
286.857142857143,75.5917142857143,28.6416846275349,13.9742181259926,0.800978301737766,0.68700509923531,0.856976303857656,0.60398129472605,14.7325039699762,29.0490811401752
171.64,49.3578,20.3334360190633,10.0560784213089,0.785532009397322,0.750748286165827,0.899933224539552,0.646398691624375,11.0643495643139,20.6412882483915
149.411764705882,44.6544117647059,19.4275225448354,8.19355887226152,0.805299803628297,0.74437160447305,0.906274532732453,0.628835263369654,9.26026617451349,19.8732842741548
218.173913043478,60.7911086956522,26.5520137710235,9.8077711585035,0.836798569079147,0.681591769315754,0.883433364942122,0.611529596073693,10.7991760572772,25.549617860743
3000.09090909091,322.476363636364,91.5375794486653,39.5560245967849,0.834161414837791,0.420441485880945,0.766962702044263,0.48394210708512,45.8867163514065,94.1440174721665
4937,534.712,126.600838734649,67.0023344725433,0.848471644372207,0.214459279928728,0.597049219978232,0.435361552028219,83.6238172690258,140.520461143564
415.028571428571,106.750171428571,40.2642198960327,13.6516800954093,0.835634019499221,0.633761132115168,0.841788207712258,0.591892148536132,15.2790338795586,38.4300636778179
438.578947368421,102.9,34.7002652182469,15.2669415763601,0.847376908123411,0.636723514293648,0.83242480795568,0.587936774323089,17.3061062794995,33.6076247528659
335.962962962963,88.6230740740741,38.4797832887045,12.5877130864848,0.783120368535743,0.698288461387065,0.881534438614194,0.60004368213497,13.9429055454301,37.671228257981
16274,1709.555,270.911232125899,157.621493965913,0.813317789918442,0.0697177412620778,0.334216417144148,0.218913101963949,221.782349182743,324.513482000363
765.222222222222,155.705222222222,69.1237966315501,12.2204620982531,0.9723900676291,0.404017311530668,0.820073969574118,0.485896375311864,14.3286269156786,68.4188649390062
1182.08333333333,189.7705,64.9213514003952,25.8445251222067,0.868238239271889,0.511050689235207,0.773711156384609,0.498865727097574,29.2404365587851,62.8757026991559
284.555555555556,74.5410833333333,32.6600228596036,12.1529632640056,0.840155930640629,0.650631052084254,0.844529410038998,0.589637824778603,13.5285888552638,31.0177340015194
28349,1515.104,343.366640333761,144.263231137448,0.907457720813736,0.154548057135707,0.710252041890064,0.438364001855574,145.468726681984,324.829185880826
427.529411764706,96.9756470588235,40.7689928236899,14.9742297476063,0.890924297575182,0.559462102744012,0.837234080419735,0.487806801980882,16.1604328842482,40.4236588713861
102.636363636364,37.84075,16.1557836717771,7.7588194940033,0.787926830607572,0.767965442899118,0.922415114058051,0.673540998731389,8.26161824165828,16.4587019657328
436.222222222222,97.5041111111111,29.6787846096382,13.1015587981937,0.804369383137769,0.694744278871821,0.878672680062089,0.618111804201576,14.0690860721594,29.1030877164761
421.88,102.79004,40.3062323501894,15.7404984315704,0.861429392235917,0.559296984052204,0.782750255449772,0.526728369084111,18.2491725065715,40.4409816351904
356.333333333333,82.2228888888889,37.8239931660083,12.8680658184522,0.797578255969585,0.687894188098246,0.874312584452321,0.664960803794689,13.7630658093004,35.8915319743774
3336.8,556.3776,118.775753620931,51.3191216728517,0.903677229607985,0.4480621826892,0.721138987665053,0.432808817275996,56.249552019687,118.735588780794
1476,344.984777777778,78.4513623325079,26.6014676604315,0.888524948772909,0.436558343848855,0.748120069011721,0.405603966091347,32.7104713868801,77.8061758314603
764.344827586207,131.277620689655,46.3955049620016,21.3876208360342,0.821417617824165,0.59327825109342,0.813712913924996,0.54186624937174,23.7928053037233,44.8304072793657
415.538461538462,110.235461538462,40.4335628384013,18.5837021980604,0.803000638628239,0.587643403125242,0.778577306465425,0.532527829308104,20.6475043012485,40.3929535118609
268.947368421053,67.3791842105263,27.5768791140294,12.961956123858,0.77787634493793,0.695375589230624,0.860174301090872,0.586343159570867,14.413488384831,27.7775524151895
8620,981.433,173.786862483703,91.8155912345993,0.849043485327464,0.111742885284132,0.63108573101984,0.402202314296379,96.3483938826248,198.595065396903
781.210526315789,185.049578947368,72.6594802095618,19.5239056450929,0.924819261765792,0.417182234791804,0.727817117712864,0.432492343837738,21.6737048466734,71.5753318179706
177.04347826087,52.7770434782609,20.4439004256395,10.3928546024644,0.78056347435426,0.701796190059294,0.889605338550627,0.6453037019363,10.8588767495422,20.8639155400478
444.823529411765,95.6949411764706,36.3456191209057,17.0412243426296,0.759847494595634,0.606646295329357,0.818611820257753,0.592044951691822,18.5646730940159,35.519145691737
3537,362.450666666667,115.454919795038,37.1232015443921,0.871143723340516,0.303233822496186,0.642910672555035,0.374147161632532,41.3977801225206,115.656498952711
924.058823529412,156.607823529412,44.9877488855074,25.9976801144251,0.869009889583863,0.616623250754294,0.850057959139499,0.594505517895842,25.887210628652,44.3966441750409
152.578947368421,44.4211315789474,18.3806242974423,9.59994532114035,0.690172959128888,0.789539976705134,0.923158960365208,0.679000915180484,10.1747998209012,18.5387342187828
279.212765957447,72.1294468085106,27.0329920687072,13.7218012447406,0.760126804015564,0.682430002155083,0.854843419601512,0.614477609271842,15.0488989971043,26.8711338259936
777.333333333333,144.761666666667,47.5675845750072,23.910952637078,0.872383578270706,0.482106665372553,0.758854795418966,0.528856162196679,24.6926269667948,48.9852483660358
498.6,99.9189,35.5896230853216,15.9203341762478,0.851614925010767,0.62053170601364,0.839578982921141,0.594821723869743,17.7904720614477,34.6614361121859
151.904761904762,47.5821904761905,21.0743842624834,9.2446326440072,0.801403127384744,0.742016985316052,0.921280273665498,0.670825117083457,9.86219847558469,21.2902037111825
215.581395348837,58.8728837209302,23.7299512797585,11.9774370292328,0.798859190338176,0.718964990045523,0.881804946129817,0.608338663356458,13.0103297121687,23.8039060448637
175,51.1651428571429,21.9974891659288,9.83452963749794,0.823224939879242,0.726108033550963,0.89604019184044,0.632329001310606,10.8300097637708,21.8635972395283
161.173913043478,48.68,20.0800021848562,10.1303789683802,0.797460951769124,0.713793665379398,0.871393069663098,0.614523020713692,11.1263554575221,20.0315189203682
21495,1810.507,335.508356313869,137.960146171413,0.911546346287925,0.082118503631553,0.474629040805511,0.257221836632123,154.59594853892,375.825757499403
1670.66666666667,307.304166666667,95.7888302055098,30.8159000080211,0.934969811601446,0.382020697038704,0.68181186072872,0.382808928617957,34.9168977035545,95.4139571432386
987.875,192.6071875,52.6169511899849,27.8089548101447,0.81994588769598,0.55848714394611,0.779241365930536,0.551310238343098,28.3886040277199,51.6790855717743
2692.66666666667,258.946333333333,70.0677844174959,34.2803268996588,0.880367754665015,0.414189213314467,0.723954418537563,0.445161292270691,38.9628495531445,70.8157138337847
446.2,124.27868,46.3568118695975,20.89792488378,0.845435150186404,0.535865983273706,0.759857578677327,0.472165856981273,21.6291006654266,45.9370699073897
2458.25,262.9755,89.9307159748386,21.5351783030703,0.972063256260928,0.413455719197349,0.822684439904953,0.630634027219393,25.0297508936172,89.4362876981467
233.04347826087,61.7726086956522,24.3976318485696,11.444077496869,0.802211371959719,0.716772024751546,0.884254598784793,0.618911449718988,11.9093954467611,24.5694333155636
661.518518518518,134.800518518519,50.8952758197843,17.9406839249851,0.90620188358208,0.501258555746888,0.777340879496465,0.498229500141812,21.0975910999599,49.6926170940183
703.904761904762,142.105571428571,37.5640017260036,22.9614867757232,0.750922206925518,0.597281042034959,0.802741492968983,0.560928470974807,25.3316968683759,39.7027508536163
1051.85714285714,167.628928571429,64.166446493191,19.4426803585284,0.896744938417146,0.47908473831033,0.780298415516899,0.486088460765805,22.2847236310925,61.7469856378045
405.541666666667,100.845375,41.6633357145986,14.4797015390318,0.840847044622761,0.582187366671067,0.825885743812227,0.526295994997005,16.7845441849933,41.3175078043023
15388.5,1062.3655,236.778766162234,79.7270182330932,0.911178950919393,0.325731375556228,0.67031697389941,0.479920555521395,96.6621141023738,216.396725980338
136.159090909091,42.5284772727273,17.7248343946922,9.38656369307955,0.717649087686173,0.789939596990016,0.916909769061926,0.676881663149938,10.0094051207488,17.7713559416251
577.318181818182,112.777318181818,40.5406449767977,17.0623139705924,0.773562530227492,0.675270956132849,0.842343837604541,0.598847906844365,19.3592731219075,40.011245934474
1841.2,273.219,102.261164839775,30.8707694086821,0.921691190191046,0.29065496210806,0.675408454263963,0.362686982738529,36.722356065607,96.1258363583804
4383,536.8562,157.861334013598,58.0544251835713,0.901748739875897,0.279393342793787,0.61813869881549,0.438941056740064,63.8665911263642,147.374671292478
867.923076923077,167.423615384615,56.3422481598189,26.1949512525704,0.880462362736915,0.463851479118839,0.762565679079209,0.508923376229309,28.1634675894518,57.1889365556979
159.927272727273,50.4272,23.1099244656117,8.89728529839491,0.816539750048711,0.71548152555044,0.889460406672067,0.614730270259388,9.91681333040973,22.342858693698
155.125,43.31285,16.5784715986806,10.8582915418525,0.68283217561034,0.851271419933772,0.932226757664554,0.717267071914737,11.3402021237384,17.0624387876239
201.863636363636,53.0119090909091,23.3518338806857,9.84443910830269,0.789235286312562,0.75677045567533,0.918011011024214,0.654444159008157,10.6587967017894,22.4412222837471
357.333333333333,92.48425,39.8179808662255,13.9011234395716,0.784295487593635,0.673931969132847,0.845017648396555,0.564789478466066,15.5045878847239,37.6421531518364
768,121.335260869565,39.0427607055518,21.6813321100333,0.788539448135482,0.616104277818579,0.817178839535499,0.588316006714739,23.4575909345705,40.1765601172042
190.9375,49.87215625,20.8743327052995,9.65407524214671,0.758532205952996,0.766091674887818,0.910475498125852,0.680997086076641,10.3858872030016,20.6414017956185
994.416666666667,153.137583333333,43.80976717755,20.578677297265,0.830369521110243,0.639377719856013,0.835291582885986,0.568409029267639,24.2587961483189,43.3785177338088
542.071428571429,105.42325,37.7375784604527,18.3154403402768,0.835829181572067,0.579648259370036,0.793567409866267,0.517902291078862,20.145462348461,37.952605537929
1317.66666666667,229.119733333333,71.8882912481258,30.3153331120416,0.880669966801487,0.36059418579419,0.658976187137658,0.418273582301186,34.0145426035355,69.8636948610872
581.04,139.11228,57.6898990751575,13.122726800581,0.919064495560776,0.479830289653421,0.79673984356755,0.435485621659561,15.8172850342571,56.6033483151847
1979.2,313.377266666667,83.236724615495,41.9864672074719,0.827272959131634,0.310804637431141,0.641877037827332,0.369917544640184,46.8915184282833,87.3794841034789
1191,174.141666666667,59.2910181864641,25.694410310405,0.875385524842539,0.531737944379398,0.800905373903174,0.567516645831995,27.7522371397683,58.2207078349327
494.354838709677,105.397516129032,38.7993896156873,17.8349726879665,0.82279503274067,0.570128075146539,0.807105467719227,0.539682669368107,19.8137043504124,38.7154105666676
700.038461538462,129.701,47.534497792469,21.2404515074868,0.838342814629838,0.558444344596173,0.793205459338089,0.546534461247933,23.3449097064124,47.0668877038473
821.619047619048,138.598095238095,43.6423103677263,24.6704429848275,0.78058489152959,0.56334005139915,0.791886017386918,0.556542578115186,26.5767850339028,44.6232269888057
535.785714285714,116.011857142857,46.7207699888994,18.0683457635393,0.862439708057023,0.570449322950587,0.819957435504971,0.53984080267757,20.1536557302515,45.7003053902803
325.533333333333,81.3114444444444,29.6127966455857,14.9072302265622,0.805714787214942,0.634529390412389,0.833230341122471,0.557844458525259,16.3789419737013,29.6505632595449
3228.6,426.5732,94.8433935592772,37.418101276231,0.901722438013942,0.407965528424654,0.727690262102245,0.490616809971385,42.5389369426506,102.922949818634
1137,244.20285,84.1887514731281,28.4305232489815,0.862871503002959,0.490434375832066,0.767290292454135,0.437992595073156,29.8915726289385,82.7893342724202
647,140.546695652174,52.5609033450112,18.9508706265353,0.816608627009866,0.556035283822946,0.786972236029005,0.548245506540233,21.4685038430212,50.396622728177
1241.4375,225.445625,77.6493861269359,25.8030622230091,0.896618664486829,0.379749100517111,0.715124437708099,0.411193951037189,29.0654690549594,76.5878039799768
1071.41666666667,173.549083333333,55.0822788935304,25.46445028392,0.859396808795011,0.551529004760952,0.774941220435319,0.484915490831684,29.7011519334866,51.6160783248316
791.863636363636,142.079409090909,51.2798498416769,21.098855303423,0.806060396217166,0.556761203315823,0.785375891193417,0.516315360359338,24.2102953085302,51.2682630870461
241.25,63.6307884615385,24.1036446115164,12.0476638315076,0.771167116955762,0.734767305285787,0.889610686425536,0.634361792755457,13.0778003026108,24.3390698322287
3245.5,424.44225,92.4557325909995,50.4679023299549,0.867321819587234,0.320708596722309,0.675241949730182,0.436994007216363,51.7426107486674,96.388150413524
392.809523809524,84.3161904761905,30.1203112150639,15.7748652383007,0.780409524852655,0.644468937285591,0.862024849709193,0.616657698591375,16.7621385837989,31.4429170597324
2196.88888888889,297.772555555556,75.2458779788981,35.9949573511909,0.83068509784665,0.474588151293431,0.732431171969089,0.482767031858668,41.2470065722948,73.4208648197406
322.5625,78.5719375,34.4535173733548,11.264366933191,0.820286911324661,0.635020451413899,0.847235943613287,0.576309880577927,13.1382875515032,33.50593961539
243.196428571429,73.5727857142857,32.5995789700635,10.2496219812514,0.856874443861677,0.620524513981868,0.864650906019316,0.587262487677092,11.2280024938111,31.7224728419476
1704.9,212.8946,67.9690528848205,27.1102647808596,0.888024885133802,0.37251016248339,0.713885665994924,0.410122302748322,32.0834628959602,66.5490774130576
2384.4,285.1128,76.461894007308,25.0546773348063,0.916891901075784,0.459368183659171,0.793063030531738,0.506474709392602,29.5751533229949,75.4390601204162
1004.58333333333,186.365958333333,50.7688246287773,24.4988885595013,0.852826140773062,0.499782792855619,0.772231183177763,0.512766448771907,25.0656143384399,51.1292083377922
877.857142857143,135.524523809524,44.8380632842088,23.9731641737499,0.77330998965354,0.643361481659839,0.861938111436833,0.599997148540809,25.4002292015253,46.4545714742413
776.862068965517,162.783965517241,46.4790183557883,21.1472338662378,0.833314991897337,0.541730542617763,0.771497559706408,0.523140534249458,23.4084466933387,46.0769587789539
1004,172.515153846154,57.4106942096662,25.4689219328264,0.848411100375317,0.461162138901651,0.725018370312107,0.481629155862556,28.90887209096,57.0580574526159
271.88,78.482,36.5730501118131,11.4665934655391,0.832733964571754,0.681303075082853,0.870167911246455,0.594849765241401,12.775045773338,34.0282950245064
174,50.8438043478261,21.8698914181039,9.83969612957584,0.793795427317934,0.731709352570848,0.901546291482267,0.636409578482554,10.8253520282762,21.7703068348529
9238.5,795.5795,153.497499389649,79.2295702973491,0.879887410700802,0.23211703427439,0.66293418412859,0.401048196629831,81.849756786486,160.382142033474
94.0277777777778,30.2939166666667,12.2271199886308,8.67016070599745,0.653676748815552,0.897593593719501,0.964589838393881,0.747431355815401,8.89483235257504,12.8519393338949
279.851851851852,68.4923148148148,25.1955935469856,12.9134304928813,0.784924078989145,0.706148372050265,0.872079847296735,0.622985673088357,13.98076893519,25.7716387009078
814.736842105263,123.291894736842,41.9061767248302,20.3424085053466,0.804486127184214,0.631169864344219,0.854967941011619,0.598445430534348,22.3217377193851,42.742412948805
2371.28571428571,316.479285714286,114.530885569482,29.1610192343945,0.897931602226,0.450411464244131,0.749425870968133,0.439207037897484,34.7946076811172,110.742687057894
222.136363636364,64.9862272727273,29.9792597161677,10.0877470386055,0.860549894235706,0.652148184186925,0.887896123045657,0.6035742204194,10.9665565079147,28.723943957903
6159,566.512,101.082957131355,61.2263466696191,0.775809684243475,0.4051421467087,0.741727498156182,0.480510486871162,75.1695914315142,105.280329234061
607.666666666667,122.22525,52.0270734807531,14.6161985194947,0.939815908687462,0.436342494721942,0.81251194258894,0.429888992843373,16.1754171213417,51.2377949955929
643.5,118.555666666667,51.0312635973651,14.5883311796387,0.943175071239683,0.504941656496394,0.853792978185821,0.523794661021851,16.9758770848109,48.7003223060859
5318.5,445.943,140.369201942857,49.925299857154,0.911609501656439,0.324539002017371,0.751629039811237,0.403491596474927,56.0167441177527,141.775159231087
1106.92307692308,167.178461538462,57.0931236561139,22.9913682747003,0.895354199796888,0.510498319899856,0.775774752011908,0.468635468160185,26.5199197440146,60.2016646010957
780.782608695652,162.626434782609,47.4093058592255,23.7174349458845,0.822520140520352,0.524801498857049,0.747864637526094,0.503898851309546,26.5597377903898,47.9954821590014
5491.5,673.1455,268.120684492972,48.1031861808528,0.914596347228255,0.155426040163328,0.717588989405463,0.33020522988187,54.3011799142787,246.322593709753
3410.6,405.8816,136.579301115812,43.8695844023935,0.941674416514032,0.340274998121977,0.678117910457255,0.424829800740167,48.954401860627,136.899135126812
451.545454545455,89.9176363636364,32.0342167294172,17.6088878105981,0.791306449550962,0.650923933646768,0.86373986627963,0.59141879088957,19.1118356203121,32.4281141693534
758.5,129.543357142857,54.3133080913453,18.1647038189203,0.861222701461004,0.592292584225955,0.862406474504221,0.633044219087741,19.5228793635354,53.6639401152711
615.121951219512,117.526195121951,39.5206842327369,19.4441716001227,0.807643888718047,0.59006269196488,0.810408897055126,0.569454184395611,21.890371906822,40.1424088334699
174,45.7691153846154,16.4342411384806,8.74123838471803,0.796806083829171,0.800711950925501,0.934679106642273,0.72517952791332,9.61903834150151,16.9227830404846
612.75,97.6545,35.3625338267529,18.7977842837891,0.786161288190567,0.687659390796786,0.875006604792322,0.607806476972499,20.6835898195216,35.974831193385
396.888888888889,95.1392222222222,36.7665628634787,14.5691001397474,0.8306767936072,0.626585386903758,0.850153179056067,0.584795242796343,15.9288891585534,36.4680783614206
6245,553.785333333333,131.558550706206,74.1233389090238,0.719397626668701,0.390124321944253,0.619706439437031,0.390022515355426,78.9132526720586,176.711133164608
344.34693877551,84.8326734693878,31.8210925781463,14.5640920513439,0.839820664296952,0.602542653137992,0.812031129591036,0.540545529935473,16.3475020692446,31.4897273500058
2395.4,432.1124,146.938999661831,35.7868823861653,0.902060388594071,0.399277789730811,0.691866783030311,0.364939770591666,39.4614722433874,154.994798049889
2054,212.938444444444,71.4844740661119,22.2251361014406,0.852777025944339,0.55418310851096,0.828916374189916,0.560653068394108,24.4127359374937,75.2853537733452
134.931506849315,43.8068493150685,18.4172190452584,9.38145545244452,0.78640537946346,0.761153315847452,0.907388457834189,0.65624356713848,10.1802105649677,18.6390617349607
519.34375,115.12,44.2743195381134,17.4457255870607,0.870192346725823,0.540807993755953,0.785952458463636,0.498433787896114,19.4333181850527,41.8591987922361
573.421052631579,133.445736842105,50.1139935325914,19.6472856473349,0.871971873809667,0.503913208361556,0.792545001294098,0.56787372627867,21.1631527063672,47.2244564028067
137.652173913043,45.8781739130435,20.6542389539142,8.6325391825087,0.774344384688198,0.725965670274172,0.912902216271177,0.615990841712378,9.33396005022763,20.8352551602466
367.641025641026,86.6172051282051,30.0095647291722,14.8849388274168,0.806736829636028,0.674197879550867,0.850378348641007,0.612068987476495,16.4581884307726,30.2154766635488
234.3125,57.35159375,23.6459065518728,11.0064233314008,0.799773241355744,0.744012391038335,0.91288823940156,0.674106991292737,11.8699744228537,24.0215264802734
316.666666666667,73.5201333333333,32.1513589640859,10.9297570408846,0.76667326125997,0.728382832136271,0.904528381638744,0.620718664935242,12.1923854135359,32.0216608625585
11430,482.26,137.514296254046,87.265073392859,0.803896178218493,0.374779530413681,0.728052012926416,0.539567774458551,89.2442669420559,144.173482038697
1532.46153846154,263.431846153846,80.0966131999545,23.1842143877478,0.890696178421281,0.428637188786529,0.731257359239563,0.416143160182911,27.5947296488119,76.7095703087409
4699.33333333333,454.229833333333,97.2193704618816,54.0450167884129,0.815273448333575,0.357414686467342,0.670189183401625,0.390870757207136,59.7833713571274,96.9198291907292
166.916666666667,50.296,20.0397273253902,10.3359219932593,0.775119668388354,0.711493368665479,0.879060401162262,0.64098232471497,11.3999493303412,20.2975576091257
246.447368421053,67.9681315789474,27.6781704472475,11.7502498580759,0.83207056149699,0.69395776496999,0.869669739476834,0.595142683041448,13.0451745851943,27.2681840730447
392,100.5475,35.1278282291334,16.5380501960464,0.811694433903441,0.586184584280504,0.806612432369705,0.532810436014194,17.5336701720771,36.0601248789305
3173.42857142857,353.412,92.5652929516508,41.8621073938695,0.847920119429533,0.324173065330829,0.6505719410303,0.411888884653844,48.3155186092901,94.0753608787419
16915.5,1275.4535,171.883909138878,143.378760273249,0.542092267589995,0.210706871636153,0.615310354239422,0.463102060777228,153.740777828901,200.321185905567
5085.25,585.12525,205.118200901046,57.4073433522533,0.956277989984134,0.167602046527449,0.479173730240062,0.29825560403268,65.5421117369806,192.688882771611
5387.2,639.6122,153.716537053052,63.3563238758527,0.881431780919801,0.208096753938527,0.558181647503882,0.273113616474992,70.893774663224,153.237559831401
451.878787878788,85.1479393939394,26.312451029645,16.0902098481186,0.731115087742025,0.721698311098224,0.875227263005078,0.631140778064863,17.6264801103852,27.6178423792354
280.666666666667,80.0910256410256,36.5880562045422,11.5814527928471,0.863382261079667,0.589264022269633,0.853536364519321,0.583774974294275,12.6495170325488,35.2104825954016
358.052631578947,88.942052631579,32.5189989981183,17.051802426138,0.820883195145226,0.629181292628373,0.829268250529074,0.566805726010638,18.6569347632289,31.8847100770378
361.558823529412,80.8261176470588,29.316892754093,11.9128583543996,0.817300932043797,0.674118930092494,0.875174089702299,0.604043032488036,12.9121552702518,30.1759956349912
5162.83333333333,427.748666666667,101.977494175318,41.9945932249609,0.884726439575832,0.402995947044228,0.759848654984929,0.489158271662261,50.9561089698319,102.704494349605
2162.14285714286,277.524571428571,104.014804035999,29.2956282106613,0.955510428351353,0.308474984475984,0.640561715792381,0.362013165307954,33.2386779540087,103.664059393852
6214,640.706333333333,233.639996728538,40.678892618447,0.970663403285852,0.178266083918446,0.621515412123997,0.275286424867086,44.8882009706188,232.030242238029
817.2,122.4884,44.1268024807248,20.857697883871,0.849453364882575,0.613305514666776,0.844968870424462,0.575204286924645,22.4415122981359,44.3693486828578
463.30303030303,104.538303030303,40.2947771465602,16.3135059966354,0.863437745939249,0.565158649561401,0.795531636613515,0.505578580684573,18.9820757967722,39.2259612565633
16035,1119.1995,264.543207921593,119.46947619803,0.892135611904203,0.171355639033207,0.600077745518275,0.338387309847029,141.2258016075,277.868067798045
2490,317.526875,60.6927699489068,37.752514873521,0.79245600768341,0.494933249613639,0.772434180597946,0.514209537975173,41.4674681259022,71.9677073146068
146.25,49.17275,21.9457661458396,8.9824776469182,0.844041560068832,0.703291483823397,0.904339263425908,0.611066833414171,9.939945271837,22.0576072377577
1038.90476190476,151.362904761905,45.3514079822033,27.6021613027742,0.713424321306592,0.643287358558085,0.84192945818146,0.598165549006559,29.3288575887573,45.2892547437692
677,106.632631578947,37.9364334738048,14.6474992541805,0.872361978123061,0.637267523101122,0.880886189685216,0.559594013346944,16.16442581005,38.6828570302061
532.378378378378,109.513162162162,36.4433143764793,20.276038685089,0.770633938881188,0.589292304728407,0.803383733276987,0.549155172853239,22.2233461577729,36.4436520855833
526.47619047619,111.36180952381,37.8899938585014,18.7826708621566,0.826678289022325,0.569483795365113,0.796231345236498,0.54626645349551,20.1781187267203,37.5065351858532
1308.18181818182,293.882727272727,77.3677889054311,32.6522786662589,0.813132052272313,0.481275650295315,0.745114659480722,0.42329432120656,32.5211071411711,77.9384679621406
307.885714285714,82.1734571428571,38.5775502088473,10.3667353329573,0.832612766832369,0.658257013706413,0.865595514446114,0.576986870285981,12.0527869737173,36.6971198112649
125.931034482759,43.8824827586207,20.7413081716019,7.50133321748809,0.8120274733267,0.738755734947336,0.922161312017091,0.616241688492017,8.29385525681729,20.3029339715553
170.5,43.1543571428571,17.8397987738931,10.2506103827424,0.768760611766881,0.828504119424329,0.932413890471953,0.718363945679265,10.8269113209954,18.2599245712955
228.772727272727,54.4663181818182,22.4210576834154,11.1907888647736,0.77208392465286,0.785503902941428,0.924399050641247,0.680209961059962,12.11832467297,23.1083857946129
909.04,155.4924,43.7985146319763,20.8132629694784,0.810269048500117,0.603777849813781,0.81661328845086,0.553222771199532,23.0593229296112,44.6917943147229
2093.18181818182,246.488454545455,49.3255648337316,34.3197835027501,0.743406028860669,0.579699361277972,0.814342867441924,0.584286533077873,36.7943212975812,53.3107871434329
10192.5,506.299,183.98574916247,59.5419294362649,0.80371182120123,0.328968731278767,0.757669063229513,0.574327017958198,64.5803430671654,188.153074612785
753.708333333333,157.023458333333,50.8323708712202,21.3605653747724,0.852795735807593,0.522616415218678,0.778055211760037,0.504547263180934,23.789758401824,52.0052158118766
1043.33333333333,189.473,69.478631186661,26.6057475370253,0.906784917791186,0.405159118331757,0.731861261897947,0.358393496370802,30.7416082636834,66.879455218456
336.521739130435,93.408652173913,42.1039958686536,12.0511325116279,0.845539758297873,0.632288414812385,0.858650803730284,0.584639806902104,13.847697192466,39.4573397683545
348.175,85.890225,34.2989982561592,13.6480398616672,0.829959760160182,0.649862184007296,0.845247114439097,0.573589764907101,14.9216220676063,33.6238387685737
313.48,85.78712,32.1100637426513,13.2479147845299,0.849403980972597,0.638501405563162,0.841433245932578,0.569551077141101,14.4038506663096,31.1018500633202
317.1,83.9984,38.3939089570174,11.9286977942497,0.863273164437803,0.658149244821967,0.863724723079166,0.566786921897462,13.8479394436237,36.0146234262329
1074.875,175.9588125,57.8270976204941,22.5491541773043,0.885179016876589,0.462286307940005,0.747492272908035,0.459269252155611,23.8664799868752,57.6596990244108
2180.33333333333,237.964777777778,65.8281238046957,38.2381186104282,0.823462372169366,0.469372575352209,0.805377969468821,0.516610992509681,41.3359175317834,74.4493810205742
19199,1253.053,422.524540433274,68.4402507251493,0.986794147701743,0.152888434374112,0.705378793445514,0.471071744037688,78.1422158906883,446.279060678406
210.214285714286,54.9975238095238,19.9200209111751,11.3174866341173,0.764988710481588,0.747097976474856,0.900636772421082,0.671671836229278,12.0795774159085,20.8391874409706
1571.75,204.933166666667,69.3463090743891,22.9478962204751,0.820981201265939,0.526637951833323,0.781738622430641,0.549867294190755,26.9950740646395,66.5456253153562
220.909090909091,61.0688181818182,25.0502312452132,12.3456548555606,0.788068749330981,0.71542640239688,0.867926934667194,0.628880546980299,13.196634943221,24.7053366889671
158.604166666667,47.17025,19.4518778902998,10.1268817113439,0.776102956505487,0.748845319921001,0.91649125931392,0.642980872504075,10.8391562241719,19.7994396255368
1061.08333333333,170.49525,58.1621077885354,20.6775557774891,0.881853814378829,0.519822458005176,0.774589435867574,0.52398800630005,23.1082643590434,55.8768084950346
720.684210526316,146.521105263158,43.1605333781146,16.4973089184709,0.831819333564558,0.596571778399541,0.854433224863168,0.554152639569427,18.164509825256,42.7546208896026
161.413793103448,51.0785172413793,21.3425152043187,9.71533192187462,0.784654082428293,0.748331871771507,0.897786364046352,0.643611425049138,10.5263590133587,21.1522909844837
10881,826.838,159.134330049585,65.8286026009992,0.85696497734949,0.274914769071544,0.771244927407637,0.385609664791925,68.0705585261213,174.188789546576
610.058823529412,137.456941176471,56.3535255491308,14.6022994219965,0.867383306734415,0.523167738723153,0.763299325802469,0.498857092240968,17.9879868420208,52.89864282978
369.739130434783,86.002652173913,32.9111620277514,13.4892641694874,0.780327993176573,0.698915520327403,0.874981904722117,0.587981639280236,15.4311378951479,32.695202332643
327.037037037037,99.1391481481482,41.8994252081938,15.7675651544737,0.815274646852693,0.567385472721036,0.785857373756432,0.514953553459495,17.0822967319422,40.0563476597197
283.243902439024,71.0624390243902,28.7131505335655,11.5799773458011,0.79577446008242,0.687975291691913,0.879435191035181,0.602585747603635,12.8220650622743,28.6883294436165
770.222222222222,173.060111111111,79.5136054566909,18.5839998032365,0.886513934532835,0.433784614977435,0.712604867091582,0.424163875081781,21.5194217162188,72.3857134691902
1173.4,145.053533333333,48.5100907803753,20.4523222684322,0.860656090753215,0.607422375293713,0.837341326710999,0.556193137115116,24.260612495433,48.6035555957093
1918.71428571429,242.822642857143,73.5177850275299,26.6659816206717,0.842434311693166,0.503392477763792,0.777128163573618,0.540173812442656,29.1967814969308,69.8256393975119
193.318181818182,53.7273181818182,22.6228766723729,9.82492960786307,0.803936329464496,0.70432149861359,0.882733937531386,0.607928885211689,10.9592283721678,22.379986986148
341.520833333333,75.9374791666667,26.6290025687594,13.9761581320658,0.804424253223246,0.689439847196598,0.866870783610152,0.615222288708458,15.4223861242144,27.7418138636409
211.163636363636,63.8026727272727,29.5399862743765,9.82965580599101,0.806097885213452,0.690197487898843,0.873592997607367,0.597702581163547,11.0445500211619,28.3939246561504
549.107142857143,98.3666785714286,34.164797351796,17.3339847421256,0.794834447073002,0.665983991967556,0.855767555538703,0.623157104562992,19.1693156796562,35.3106742642029
450.064516129032,98.4174838709678,36.0356086917142,15.1778746202871,0.822728352838284,0.625246927762122,0.853929008787363,0.597230354314113,17.0901697948758,36.4141167182728
1757,227.4138125,74.0031431781002,28.5260168167427,0.9026675273109,0.395692194789766,0.723890638437707,0.414458694080134,33.3455499477192,73.7137716592367
581.351351351351,123.965891891892,42.8146094430144,18.510032150704,0.801777932328614,0.610389834620395,0.807480391887848,0.55450505570021,20.2054562761058,42.5987546297112
255.87037037037,68.2363888888889,26.5323253103398,13.0061793441955,0.803769741938912,0.681025481178425,0.860242490887667,0.603326082265598,14.3960604275208,26.6834420388901
167.3,44.3526,20.3368567063194,8.55553145531584,0.836948358013516,0.755174349773723,0.954335819321976,0.805441687713804,8.2,20.1300029102674
2239.85714285714,369.450428571429,102.922894475779,47.9917270364297,0.858874173891673,0.283990403817348,0.606074840020928,0.375315919406614,50.5095029771088,98.0703464457564
111.037037037037,40.4227777777778,17.7015556787785,7.96586569937941,0.79151553381564,0.729180574182655,0.909386095346996,0.681069631667458,8.41613983748092,18.0136774053951
374.605263157895,76.0364473684211,26.8390151592747,14.2023648352204,0.769671509138493,0.737106849056163,0.891524857084787,0.649339879458088,15.1208073432147,27.0195405439156
988.5,154.521642857143,52.5361033378329,18.6078118457383,0.914690765040963,0.491347703027212,0.780240012445628,0.455387685929936,22.3203809044437,51.316560921277
1565.42857142857,199.305285714286,44.972331774401,33.1682390549372,0.723291651772458,0.637417136234235,0.856036250159163,0.583060773086498,36.9309570847794,48.8501333006582
98.9245283018868,34.2924716981132,15.1832881641609,7.62043121120336,0.754227469077552,0.817680299473635,0.940292137569707,0.681997710751173,8.21773363479066,15.4412176634404
429.116279069767,90.5782558139535,34.6438584265666,15.5606008272764,0.81016780405275,0.608645128191308,0.839516398256264,0.551589084044466,17.2547217371434,34.4916585498761
398.125,91.6038958333333,32.4782943948728,14.8219577521423,0.843816051568396,0.626768567622326,0.847776739875458,0.585246488218452,16.3799883257127,32.849581761115
710.222222222222,124.865166666667,46.2555570642067,16.3579719427207,0.766643176340595,0.630450077666812,0.827180852001965,0.601807742054824,17.8256170060538,47.2602462303085
1017.19047619048,160.700523809524,46.5506124684279,23.1323816085502,0.821449865689029,0.617169630015274,0.81265592609708,0.568301085190558,26.0849047040586,46.194780422972
1030.88888888889,191.8715,53.7564883241574,22.2298278109041,0.839740732892758,0.528721982889707,0.793093182758718,0.502267708550265,24.0334739460424,53.542681246626
1883.83333333333,279.500333333333,72.4549513937458,34.1713042528224,0.799991558769946,0.571236898120413,0.78334522227319,0.539587750457436,37.6593592166126,73.8359196972569
242.151515151515,62.9142424242424,27.3130448893227,10.5026566955708,0.847098868360336,0.645520656423062,0.871932619695103,0.59485745879035,11.669649672985,26.7564914560368
437.6,114.8521,51.3277639502449,13.8231187798805,0.874523463872045,0.53149345268296,0.792248082568163,0.511682445945447,16.0975115911624,48.4474221528339
167.974358974359,54.9148205128205,24.7916004616238,8.62195380421894,0.87345439754357,0.664102364030911,0.872504919812471,0.572241629589634,9.71738390537707,24.3671054443158
210.716216216216,58.7384189189189,24.4730318098218,10.9985806515089,0.814625450058853,0.702088081767851,0.8710155297205,0.606507253970242,12.2277223473582,24.4572148332308
2791.42857142857,372.583714285714,91.337899295241,46.9151870594366,0.8161200205322,0.42617627441776,0.738197502359388,0.484146291693008,54.0889684754127,93.2936428575744
748.3,117.4584,38.6866795112549,18.0851441041215,0.88223221748461,0.546304985720557,0.830035792820076,0.503844344110739,19.9909401938699,39.1588094784238
989.15,149.84445,48.1029778891357,20.451362190591,0.869951403696607,0.550134012963807,0.825360079542132,0.57853329913013,22.615627783022,47.264750050587
423.130434782609,90.4619130434782,32.9121617071066,14.3606540948167,0.8007358526026,0.68041097060753,0.872507502676268,0.600920521894695,16.2412383507769,32.7008597142946
542.384615384615,123.299,50.8964641924715,17.8262006010244,0.79353000672916,0.634469406370367,0.822358477647342,0.538769230446061,20.4664517651923,49.5329385478114
8394,509.176,129.188910959407,69.0437600913162,0.849192681088839,0.423115405148868,0.780928458268749,0.431459196440176,74.7818621484989,162.836520330492
734.8,146.542,52.7631194073754,22.2145952262982,0.864350908647979,0.484234064539202,0.735303078377465,0.466053232191406,25.003691402118,51.9010152703865
569,110.678555555556,40.4957362465446,16.7712901044061,0.832428528699554,0.596090801067685,0.812155630411376,0.528140639063155,19.247840715207,40.4433170804418
2373.33333333333,270.320333333333,79.4094954697478,30.18021077272,0.886692828156028,0.363227660621711,0.724243297508748,0.386363846214728,33.9890572612022,84.976823289686
1470.6,204.1956,68.8999166226608,21.8431011460248,0.823448597182011,0.568233946436016,0.78325772353628,0.543253751951472,26.0694738858394,67.6679053653523
1271.75,209.466416666667,66.994427180931,26.3639360237592,0.872053631047462,0.460973848757065,0.703271450281878,0.500198516467791,32.3403380282748,66.4325891312326
3064,476.351,105.350987421455,58.6458114807787,0.830733226772441,0.16746915156296,0.494752139512353,0.333623693379791,70.5917972207989,116.481758228488
1001.15789473684,213.502315789474,72.7969838383295,19.9203949928791,0.828493239253176,0.433521381232308,0.71686006157383,0.438832351260776,22.9860438315426,69.4875510062828
1039.75,190.46475,67.0303377134102,22.0275668396482,0.880209750634068,0.406484153436516,0.692644530912005,0.462488135460002,26.3613350726362,64.585341494637
156.765625,48.75265625,19.9495589109466,10.1999777344287,0.755342876007983,0.763418082029767,0.895641963452778,0.646880299010775,11.1991116320145,19.8445079435197
764.260869565217,147.107913043478,45.4205405970512,23.8934114028753,0.814333667870519,0.516702759079097,0.765798714764872,0.527948178985964,26.0878651257601,44.8663173550784
197.222222222222,54.9471666666667,23.587316635807,10.2156843392526,0.799247150244888,0.703442110779032,0.905890046004031,0.629859350985534,11.2357949134626,23.995353998943
873.833333333333,131.585583333333,46.3988921212023,20.3814354385095,0.889065777860024,0.52351494195408,0.806532539326198,0.549962676233848,22.7635287840547,46.8856678604226
413.730769230769,88.2581153846154,30.7130070009059,16.8241339444198,0.711365419584096,0.70905890116251,0.85933468763928,0.625520832775823,16.8449028577764,30.8157051309499
175.95652173913,49.8766956521739,21.9259469703405,9.54778345678269,0.771112677132269,0.739690096691255,0.901057006791586,0.668744267261955,10.188664930453,21.4932003829204
483.264150943396,108.768113207547,40.8240615753152,16.2600861177919,0.821637860351742,0.633786236458402,0.825192580632149,0.56579265687949,18.8654595951121,39.7375349107932
204.173913043478,51.3472173913044,22.7102931923245,9.44021476188253,0.82636024814252,0.690232754243807,0.900750011428674,0.582461565076761,10.354894592833,22.7293202495578
908.111111111111,156.922055555556,46.2408715890991,25.39891863082,0.747018943092357,0.560645899837642,0.792439658683452,0.548248813880538,27.8984352393764,47.8292173016508
4285.2,238.3578,72.4053121582404,41.7083135361265,0.835611345808759,0.559155352815727,0.819134657727629,0.520484542693678,44.9821784604933,76.7538326040453
252.964912280702,64.4154912280702,25.8579733230164,12.3313763751804,0.808879146419066,0.698147999390339,0.877268048756287,0.602306358026961,13.5017745069153,25.733643797092
1045.80952380952,158.283952380952,44.2810326705385,25.5698437754924,0.757092872932646,0.600734303825566,0.802392138180652,0.577068726921177,27.5367736286923,43.6800867680239
509.529411764706,102.005794117647,34.125362042268,16.0848802066028,0.848252940070262,0.584983520990077,0.810873645309576,0.529955014554193,18.0286230760194,34.4981152955235
377.279069767442,83.5593720930233,32.6958695366958,13.3442837527648,0.826404791300472,0.652801583559317,0.862304019751252,0.595674180029472,14.7070745688029,32.2779385805026
193.4,53.0096833333333,21.3393084204113,11.1454525872755,0.731832709143429,0.757520662053495,0.90038234983111,0.64263032541203,11.960526415115,21.3837366442007
1265.58823529412,218.159058823529,70.0546757098936,20.6429131323923,0.853249022154895,0.565897111606077,0.802553206309927,0.5351151502192,23.9997358598053,65.7855783528231
195.666666666667,50.4696666666667,21.9874685989499,9.87805005865764,0.790873866469277,0.72859277243304,0.897374998877205,0.639070173377765,10.9518350904955,21.9374449476244
221.909090909091,62.5259696969697,27.2856423691061,11.2578064743887,0.761900250133383,0.717619664718543,0.871817139121174,0.612423957200775,12.3240392058757,26.0617916157006
193.615384615385,54.7401794871795,21.1433665228083,11.8710769045284,0.745019540400731,0.736748646107365,0.884082701242532,0.662570135443052,12.8121708552672,21.7766907893988
242.724137931034,68.5358275862069,29.1876585392354,10.5894186494028,0.824219765183142,0.648794569796706,0.881841945689421,0.596965459278507,11.3315578029286,28.8265986657339
563.214285714286,105.528214285714,38.1537751613873,16.5200772360364,0.787327744061858,0.666810988470832,0.847975015047319,0.573033025756487,18.7853909129086,37.5921204684651
704.333333333333,141.666888888889,50.1990250337664,18.9913202343886,0.81826919153451,0.6132569034598,0.826291745003652,0.564328632438562,20.8874655425597,49.1815160232524
495.642857142857,101.895428571429,36.3251394736061,16.2217816646831,0.854377202664634,0.592730641211843,0.84246633763295,0.554260818185106,17.4421565484437,36.0547817701481
560.516129032258,109.765806451613,36.7999435720329,18.4573522649333,0.779381110412421,0.65395221098941,0.836695041917425,0.596054867178652,20.2158075372621,36.8784459530536
540.866666666667,112.260466666667,35.5971298055925,15.9136212668554,0.859741746368245,0.634177451220399,0.865990384677335,0.569350579531675,17.7147268230146,36.0291572074333
273.980392156863,75.0816862745098,32.8259924477723,11.3517619490471,0.848624520909668,0.638727928680426,0.848296459441159,0.552391476678741,12.6768821465978,32.0040133357669
611.448275862069,113.303,40.5027130163216,16.6794657926422,0.875061812695263,0.55540833848725,0.815297068589569,0.523993610115929,18.9160038973122,40.8031623099334
219.822222222222,58.2518333333333,23.2279396355697,12.0586120254045,0.772118299830721,0.741504223624066,0.892706245895785,0.634744126538346,12.9710105048993,23.1893414371339
375.208333333333,86.9708333333333,31.9993471829397,15.7799423933394,0.831524351834657,0.601023667182915,0.831573798369717,0.567131135252511,17.5602069407373,32.4592754867959
1223.90909090909,248.420090909091,81.393448034468,31.9570422290413,0.903040161093663,0.327302872510661,0.664239877617251,0.378809260077454,33.9790817939997,74.62397375566
426.571428571429,93.6459523809524,34.4446876099662,15.7712921050858,0.833923999464123,0.607621397109193,0.830884750623905,0.560128573082863,17.5423747066858,34.1720637614431
255.156862745098,67.345,26.1850490418299,11.934042674181,0.822912039268977,0.665622047703065,0.865317060756596,0.618259918547372,13.2045660718399,26.1553601043112
183.847457627119,55.4261186440678,22.5738161466325,10.4710257057069,0.809095222070794,0.694014476363632,0.876671137217398,0.614077125990288,11.3875412579542,22.2991109672556
332.787878787879,77.9870606060606,29.3362260811273,14.2236486237207,0.791220242566157,0.724092316291687,0.872791886787335,0.613728399154474,15.8157903337413,28.6781410775172
362.9,94.6901,41.7261618248422,13.2004141060371,0.856006779752122,0.597470582771824,0.82532462433398,0.543746473929985,15.2796284119581,40.069822176125
192.41935483871,52.9704838709678,22.8001108046633,9.6231685033004,0.80956727907136,0.722225370227866,0.907739528972322,0.643633859162626,10.4721476501799,23.1007784919042
183.982142857143,53.4193214285714,21.5928228926585,10.4598703803656,0.81400745002696,0.728850347020766,0.890157650156396,0.623551477950022,11.4564762886942,21.5761949251802
1885.83333333333,167.693,59.0075981534268,26.2160771931913,0.900787684276908,0.490917506224782,0.79530106044656,0.543510357778533,30.6908160887872,57.2315293325001
191.232558139535,61.2454186046512,25.5331544864568,9.71005684791849,0.834639309175636,0.695375489093901,0.902903861761726,0.614736775594869,10.8099175127248,25.0091033471365
291.48717948718,72.8209743589744,29.1775978123344,13.9084919473886,0.815339568900117,0.637865970587525,0.841660950512933,0.585004611791777,15.3997084100741,28.7808061110703
1002.77777777778,177.183055555556,62.1590625548625,23.3695473643328,0.820437024617568,0.504519751717771,0.799382454206655,0.550425597527341,25.5060829961595,60.0167595908548
574.371428571429,109.568714285714,37.3690625310387,15.976232522829,0.853658454680325,0.600179401533419,0.825829576144153,0.558914007442027,18.2636360398791,38.0991443059661
665.888888888889,144.422277777778,54.0261207506283,18.0998340513006,0.84843470730323,0.545395807539859,0.826259627356095,0.550875849366531,20.4943421032956,51.8988247847269
2938.66666666667,250.446,72.2636502421015,37.7871225820533,0.866817098989593,0.484566588699164,0.874276719900148,0.707323562626892,41.4450976284479,73.6921713786644
1798.28571428571,205.899285714286,63.5703455764139,24.2388866020139,0.867288786538736,0.5463509640873,0.813804952036937,0.53660093831861,27.482554570208,60.7091307091507
1363.22222222222,211.179111111111,67.1499088218602,28.4409510632118,0.897179329678966,0.436398783007393,0.783177402790968,0.523762498156965,30.5737119954374,67.8889175148195
354.304347826087,94.459652173913,36.9643363221894,14.2966739619628,0.86284283468918,0.56349659793854,0.820045740540806,0.506683979074359,15.5987154175738,36.451647922897
391.136363636364,93.3656590909091,32.5097058170096,15.9872416698383,0.797236577166129,0.63540028046449,0.837482297758164,0.573936080259413,17.5377763774637,32.722089427612
28991,1629.979,556.872931569348,98.046106565021,0.984378454964548,0.136595549601541,0.619796900053447,0.479190082644628,118.728476772654,504.337188793371
211.071428571429,52.3845952380952,20.1291951737171,10.4925277287721,0.748124015752075,0.794269808701663,0.921341880756689,0.683059890209866,11.2395178562731,20.5583278749621
486.058823529412,106.592235294118,40.6980279115011,15.8288687172841,0.850152448549042,0.55175138496905,0.807082400284751,0.496949306700331,17.5638467089768,40.8603331650146
535.1,93.6626,30.0131316090872,15.5683775201763,0.707641129240019,0.750812014564979,0.876110706862596,0.654376449629984,17.3506339217837,30.5516091977061
894.791666666667,125.191375,45.3810720730926,25.1632596521237,0.723468352468231,0.728351521090798,0.884304991515858,0.649287067811866,26.9784061993317,45.1616758775904
1277.64285714286,280.644142857143,83.7781520885284,27.9175351081435,0.896802024849844,0.392210844042134,0.687746831613725,0.370548057787692,31.0212105136585,82.3056520702086
2610.90909090909,317.316363636364,76.053797546671,30.4503275357035,0.874448729643807,0.478615787472768,0.750379413722032,0.500353952429412,36.1205588066238,74.8231968475297
421.48,100.71956,37.9869539439334,17.605877633732,0.818442428457378,0.537697533364345,0.763385736950454,0.517962132168348,19.6737696556927,37.0990034421778
2777.28571428571,352.132428571429,85.2611694349205,36.7105048966827,0.894311818585887,0.352545362411286,0.692737687236711,0.4833292493905,41.4404940934562,83.0917221457601
36645,1435.66,460.886769152237,108.058008096835,0.972126554723756,0.222445062455353,0.803037275655775,0.377409985993244,127.308211312478,472.271108580654
8051.66666666667,1071.70166666667,181.75751063208,104.321288845474,0.863308520711235,0.391996719411925,0.639843415970287,0.413583634257392,112.385608124375,180.897994254427
677.090909090909,125.324727272727,47.0853770020835,17.639267405637,0.873543764582656,0.582360933348211,0.850707392305556,0.621747584176012,18.9420665835291,47.5411176442489
26353,1607.733,272.955196787839,169.391238057384,0.784141104238933,0.127619330701342,0.686365412163042,0.464558323197067,190.203899788109,319.582540198929
1150.3,160.397,49.924856034681,20.2447622744134,0.871082623919845,0.562915927362672,0.836155001456302,0.548745952771463,22.0376553137874,55.605703772769
1596.6,238.5071,98.0998224902603,25.2528290430558,0.908945074589315,0.410501958193731,0.74098453249451,0.404387954282226,29.0293777015242,94.9791990283667
2574,479.638,89.695219852982,75.838394442299,0.533956247944168,0.138777991791714,0.472900973727724,0.333462883793237,79.1568064034926,102.459748194108
1826.8,290.9811,92.6216984883731,24.5415584337237,0.949149542567031,0.373687882654503,0.725726356623467,0.436955969363356,29.5386513214915,92.4990519196367
15922,1233.796,309.098699263329,91.7223667759475,0.954957888271191,0.130771138955151,0.604319277337078,0.277618914771935,109.672367735741,300.935208973626
2204.22222222222,281.977111111111,88.4945638441735,33.0771907377585,0.910943322192785,0.390952727589612,0.690949687293566,0.452668739829276,37.3157952173106,89.9032088035234
3087.6,383.639,83.5017237720899,46.9429696286284,0.838154386973699,0.390860917224516,0.702766623565184,0.493293579246816,50.7615312830969,79.8803602225687
8247,504.327,118.886903551727,87.0116304460388,0.695636525602862,0.312510013295821,0.711215966119654,0.483354413210077,98.3163827664473,125.669690316102
979.611111111111,209.983722222222,65.1654150292176,29.6643024375288,0.844887515781004,0.465282644628999,0.709477192049382,0.458835138110871,32.7339409295711,63.1022237565598
149.767441860465,48.0449069767442,21.6689079101073,8.69667758060935,0.839826225000599,0.717352728998629,0.917733843542426,0.634179872236147,9.42299150095357,21.9069258411124
287.787878787879,80.8843636363637,35.3837667754277,11.6513858092932,0.862396306584124,0.599039980420408,0.84072090844472,0.541611845252523,13.0467376752461,34.1833643686162
915.190476190476,149.368190476191,48.6349657016809,24.056890129148,0.828864147818111,0.541782900652477,0.784920539185132,0.518996052370193,27.0182302394172,48.0067838675186
1272.54545454545,171.184545454545,63.2244357853279,19.583234721486,0.924215036336639,0.456334332317934,0.809606349511883,0.498098666503606,21.6580692801053,65.1055843010981
2663.66666666667,347.367,101.332682529163,45.0422358216932,0.874930078553723,0.280477933752918,0.622886734052679,0.350392073769127,48.3948189722762,119.967785949771
835.464285714286,142.872142857143,45.4104944112215,20.5096526324172,0.81122371827599,0.601595917865767,0.824631378019758,0.559912592186074,22.8886973826963,45.8753720385967
456.897435897436,91.7295128205128,32.8733259168243,15.6251260291114,0.857358058463287,0.629577021952319,0.850940243533037,0.576017023859967,17.4310542196144,32.7310059845355
498.103448275862,96.9631034482758,32.6475480992462,16.8821061064915,0.795500232914179,0.639832795481647,0.855082954596547,0.578573833813894,18.5095253313873,32.8060368698592
2995.625,292.858875,78.0959273652316,38.0399982234499,0.864538972671587,0.504551716773861,0.749798556815987,0.507050734746278,41.6999955729779,76.6293535465032
1085,194.3218,44.0280787721096,26.5918205518232,0.790333001438695,0.597581939617846,0.806827695782654,0.541285137593025,30.8687361635744,46.7767692691685
1863.07692307692,260.799153846154,65.9329154469961,30.9712807531499,0.820441028559413,0.525914955725068,0.75329225714658,0.518735497402253,35.8488681577197,63.8824632658891
282.478260869565,72.4514130434783,28.0356425051664,12.8957911066183,0.805522570232655,0.686310857125316,0.868169001638334,0.615254577534603,14.2135214217624,27.9450430687615
54.8214285714286,24.32875,10.600390284971,6.23963972382758,0.688526227258144,0.838120733552525,0.949155262855613,0.718070550693126,6.58385762338246,10.9240600944784
243.784615384615,60.6577076923077,23.979454301051,12.2867279803302,0.770722494675881,0.729832176005739,0.885119559973458,0.63941995009981,13.3976227238403,24.2434209078409
751.384615384615,155.567423076923,56.2330993636113,21.4273803579395,0.864500879592685,0.530280241805268,0.763510848484312,0.517727503113987,25.4557271594058,54.6993346641731
704.3125,166.485625,71.4231379398885,24.6010781792808,0.916888010775786,0.50086063565391,0.758972936436075,0.511464436630273,25.3521581474851,61.4492218435859
3396.28571428571,414.633428571428,77.9302748532309,43.8856186635117,0.782347822832888,0.506528580971738,0.755226772947142,0.52985511202831,49.2686108728319,84.2205213483392
518.461538461538,113.545423076923,41.3486787773448,18.1352584736993,0.803896201013549,0.561561458881706,0.777003099044781,0.51913059391255,20.3037950510123,40.4546164774618
509.372093023256,117.80888372093,44.0266466470943,16.43995168428,0.870519480692662,0.534617899865964,0.802162587234682,0.502828160952079,17.7252834341386,43.6380274380258
937.913043478261,159.032608695652,44.0758055862991,22.7503094279807,0.829669482193017,0.572481823998454,0.815322259970309,0.548729603616595,25.2836501367604,44.9716018718494
720.411764705882,156.271529411765,59.5365895908186,21.2289768092027,0.912729773194173,0.380846238598912,0.701766497597645,0.414339754695436,24.5205659632723,59.7219410107664
3126.6,390.3114,102.844019918344,45.6048676710148,0.867274179460814,0.32138872628258,0.65351848372467,0.432902878592371,52.4162366725691,103.664469600807
250.289473684211,65.8955,27.1448253256453,11.5580124636051,0.819014039508958,0.678134742571053,0.870401429482053,0.580204851364938,12.5003491554881,26.8288974827849
4247.66666666667,298.527333333333,122.597064607897,28.7348295656489,0.971840112116526,0.377211396069508,0.806371896889768,0.300730355004469,33.8354045742847,134.808579337321
242.6,68.0407,29.2474350879355,10.5801997275089,0.848573368983695,0.625555955874974,0.847509699883333,0.551050360346086,11.8470923065621,28.1474687568671
169.701492537313,48.1081343283582,19.2901263615808,10.4070215563252,0.782438473695462,0.759860098046557,0.917558987167701,0.666160762377469,11.2075016144936,19.7675528533564
394.375,96.69025,39.5899674501272,13.5788555019694,0.852132829852947,0.589829238213232,0.810588378873704,0.523426348082709,15.538845019055,38.3742533808576
47.04,21.3562,9.56922699990965,5.65226883611404,0.697906019469064,0.864551707655221,0.96127095584704,0.747308756121483,5.86084525341818,10.0589834507011
365,88.1897727272727,33.3903673155686,15.0766291040368,0.788848262255289,0.658056388185861,0.838730563527777,0.582848965238017,16.2958746638787,33.3816169907216
1912.81818181818,233.974636363636,83.0466890585799,22.8297215120345,0.885144987632419,0.507333019023043,0.827051048360415,0.475055229090826,26.5081913447307,81.779194123295
750.136363636364,138.880545454545,57.7916577888578,19.3823514971875,0.886379892459597,0.535362674142609,0.813423218954984,0.528392275193977,21.9291057136648,55.794160141462
3432.5,440.46425,125.47820314952,34.7906780298637,0.928874000738081,0.383544975259713,0.723974660149326,0.427137107318043,44.9217391968269,131.643056404406
492.615384615385,105.431384615385,46.8149360969316,14.5454152289378,0.848473026556697,0.584170216895517,0.83669649843759,0.533788258419219,16.9166380790995,45.3447251472878
90.1794871794872,34.0605384615384,15.1789800838612,7.43224805949033,0.804516129187899,0.777310693067686,0.926439289330196,0.700871534424414,7.82817463026141,15.3402497350349
164.875,56.03325,25.540535023192,9.2523689092176,0.831585899200894,0.668565616348674,0.876064668166715,0.610497134681574,10.1534234651252,25.0048442480544
462.870967741935,105.106258064516,36.0523770405673,16.3940677804178,0.809084584021763,0.622703206224819,0.817551252618156,0.551372949583201,18.63694521567,35.7699866695147
664.551724137931,123.097862068966,39.3811658388057,20.6706439786215,0.783468886653008,0.60944760140279,0.831047874380134,0.58767533745938,22.5666663765858,39.8802690134549
679.608695652174,103.911086956522,38.6548647581928,20.2194561782839,0.771037936530291,0.688245336870693,0.862409049327306,0.622922874260132,21.7140791592881,38.5514480810809
1411,242.448333333333,67.5739188155629,33.223717010453,0.855373860624268,0.446952292417089,0.718272091486564,0.435551765424534,37.1931739483522,66.9386099606777
774.615384615385,141.861846153846,37.4216190840202,26.2072087696181,0.759528330263004,0.664136123389165,0.852813648951387,0.615938961188255,25.0114073139344,39.9168375400559
942.172413793103,163.736206896552,48.8970707495904,22.7462167648441,0.801294432080188,0.554328053650858,0.780846435686225,0.522313888474591,25.4079608719613,49.3724123571042
2700.42857142857,246.934285714286,70.685336143139,29.4785359206942,0.848860470591494,0.527442847400943,0.811505590201645,0.581177384199375,36.7658182687143,72.1278654255168
894.777777777778,162.492,65.6533007735307,29.3342343384245,0.798046168567001,0.526226703762703,0.748268295187256,0.518062945792628,30.7409134784642,59.8005958333194
662.3,136.8117,48.0102675136362,19.9322429028962,0.855487242110055,0.525085693031494,0.77150014278862,0.537156240429277,22.6102943375137,46.2900183351938
611.84,120.17276,40.4797996698845,16.8129024803182,0.846262256730698,0.611208821785362,0.843103597396562,0.532515693751583,18.4983276246314,40.2550846076696
346.875,77.56935,31.315542027217,12.8465580619408,0.798316905891076,0.696311528042815,0.874158522284674,0.628618871243957,14.0930345407859,31.2167091352745
539.464285714286,114.4535,40.6237515414228,19.0156888952246,0.84546839258551,0.539202632925427,0.786339599598763,0.498650341345617,20.5662280183561,40.3468703761868
1139.875,182.7926875,54.3525801423566,23.2944842501499,0.866092009894988,0.491283209422849,0.768996731285623,0.499568433997785,26.3109579402041,55.7378680747839
485.740740740741,103.596740740741,38.9487184837407,14.7718074184113,0.870814292093655,0.574363111576408,0.827600464201354,0.563173931263689,16.1886341996093,39.4289935116172
469.74358974359,97.682641025641,33.9899886822284,18.3853570985949,0.787995644253405,0.593484667211912,0.809495006368863,0.567955503195401,20.1310498361067,33.7907309552129
315.485714285714,86.4640571428571,41.9124485090637,10.3635225259082,0.865723712952202,0.596847041207242,0.845417681100426,0.541312917118324,11.8817944645628,38.9912456623376
2150.63636363636,321.826818181818,98.264894402466,32.3731465382822,0.930952609861582,0.315773550426507,0.64513296621081,0.384740707785059,35.3079496613187,102.27151933254
148.9875,45.0149375,18.4954903628329,9.98211766492421,0.757888062344226,0.766120217051396,0.904557040384937,0.650018325338199,10.840720936868,18.9177187714113
993.136363636364,171.098590909091,57.5096742781763,22.4492715054408,0.881326208704138,0.510932530345201,0.771259094422053,0.501031789920331,25.0667300541546,59.7147424009512
162.260869565217,48.9771304347826,19.8240351726765,10.1060083344794,0.751964543881571,0.75935582582099,0.904422275596621,0.655184322505359,11.1273336993227,19.9112683044463
186.666666666667,55.5253055555555,23.8309963092552,10.6014547549305,0.80775688325844,0.712949616387629,0.895462243179794,0.60153431186578,11.6222063868494,23.6890944601572
291.960784313725,77.2691176470588,31.9996908227233,11.8223780250979,0.862251553142859,0.623558177179804,0.840787760468095,0.556258541367494,13.3488789933841,30.6230069826734
562.526315789474,102.215421052632,41.0574867090437,14.0086038844496,0.896191689252018,0.536855783064066,0.838046797905757,0.490726162384407,16.0455173741132,41.0436952470863
328.375,87.32865625,32.3220037177555,14.4182608587733,0.79881930881463,0.636748489876424,0.818328642128641,0.565749633685733,16.0637447681502,31.9260312822768
524.111111111111,112.009555555556,44.1968026911332,16.687381143864,0.799497672637068,0.592129854358461,0.827965075146955,0.559312326033379,18.6106214903163,43.2993368861296
542.037037037037,119.203111111111,40.2719727496005,15.7381118983697,0.805444058610307,0.648903377213771,0.843472123449438,0.582371448125819,18.0098084201959,39.4305340673959
3439.5,419.253,128.462389256886,31.6217342866867,0.933935558660359,0.40156145477804,0.69493455262686,0.444690282870613,41.0908720998311,139.375459619154
259.535714285714,71.5974642857143,30.0411138287253,10.4675479385898,0.870374469828098,0.61734260116013,0.86825724285974,0.613576733956254,11.4961087869143,29.6561816632693
1647.8,157.9096,54.3234317670362,29.8685986058874,0.796149178015437,0.701690795768504,0.902603907092537,0.617070471658592,33.3123588405419,55.8973195272435
368.666666666667,85.5359333333333,29.1248909049303,12.7940691778637,0.846035116693586,0.661258088982597,0.865102792420573,0.582902828170445,14.6995900645022,28.9056432324609
293.285714285714,66.8159523809524,27.4109795667846,12.040836486648,0.835452025962243,0.655272316158726,0.867507196448752,0.574831088766795,13.3854300476259,27.7869216183233
208.56338028169,55.8606478873239,21.1767510703332,11.5260986482264,0.75434675481567,0.755739743681312,0.892904930950189,0.646101401873261,12.3748547870634,21.3083622412777
244,63.1699838709677,25.0004242494504,12.0042175468756,0.83508265917937,0.69511744481144,0.883191347409619,0.633393193986124,13.1727060326086,24.6682468590278
1285.83333333333,199.104,59.3365724539145,26.2991164438209,0.864364311848174,0.422012685582668,0.717768366311097,0.459474927228533,29.4021628945034,60.0715125994652
570.620689655172,90.6751724137931,33.4979970374442,13.9659465862304,0.871749455354324,0.626501196255225,0.867982975773975,0.550838603541156,15.828968400694,33.6154965743609
1284.4375,247.343125,88.1177391774736,30.0075813561477,0.916919517577313,0.325172977123003,0.648438968776566,0.317639399425646,33.478659575465,84.9324906372826
11329,904.382,281.321005100066,88.4653009648301,0.949269431915466,0.172856451232628,0.520466761611614,0.200187305626237,101.477722419055,338.289816577443
1523.66666666667,161.125666666667,49.016281327963,29.4389634048524,0.746669201368586,0.57784915482527,0.814727229211504,0.589176874340886,30.7824965090534,52.180642742141
389.965517241379,93.8934827586207,34.8420799339862,16.0716763940123,0.810568530722068,0.618127175077077,0.830814542612855,0.575514970671661,17.513603650683,35.2504279732903
16219,630.052,158.677355656572,135.828457442589,0.516969132644666,0.508347760617833,0.866492146596859,0.58510101010101,143.378215940073,169.186287860453
1363.53846153846,227.473769230769,57.8919793315282,29.6958876700908,0.843871545353235,0.606138903800316,0.816968867536698,0.545940879617901,31.8761811453484,57.4266361516871
1133.66666666667,174.235555555556,54.5584652339805,23.9861023081527,0.833458981986796,0.495798326739358,0.760095995281129,0.536481841354673,25.7914745543847,54.7960927594491
413.2,97.6032,39.3499544574929,15.9709291266783,0.831629412422843,0.550181828670619,0.804276673112997,0.51317989984478,17.8376487791719,39.4925484106478
393.06,88.01916,31.7533169158371,14.7135646021845,0.790926878430504,0.670846209241674,0.856558584853462,0.613302026983817,16.0245388423234,32.2705782518111
273.459459459459,78.1997027027027,32.8634229826143,12.2501379687753,0.832865752625114,0.62634930874967,0.852089598621447,0.56907790121057,13.605615951166,31.9838996068333
320.3125,81.4973125,32.5713969749115,13.4914755167885,0.83334147451736,0.639745780517185,0.854104701047686,0.570028388453987,15.107445155151,32.7796764297606
139.77380952381,43.9142738095238,19.0717599320908,9.58980335750639,0.715937313731117,0.823666341606478,0.934233281626619,0.699774789554478,10.1696023021412,19.0100647694796
235.125,58.0362708333333,22.3323554107656,11.0695535448757,0.769890379938526,0.732815954442554,0.89368081946306,0.636503788887359,12.0302458690559,22.7618346700906
183.023255813953,50.8373255813954,20.3965001841685,10.5633590815345,0.790239799743083,0.737134657358646,0.898058181872349,0.630884418195054,11.532932439541,20.904912838881
376.7,83.222575,34.6643759553326,13.4650877333398,0.846297490791453,0.632281736331167,0.863198287944788,0.587802041661352,14.9539953556255,33.9430155985274
540.238095238095,136.847238095238,54.3607247274199,15.8693803538741,0.917993455620909,0.494198130498848,0.79560693694612,0.50653034550778,17.0671874428434,50.4815026971037
837.818181818182,158.744909090909,53.8301842873933,18.8004590527771,0.900829654832809,0.523335862178176,0.794135766057385,0.536054662546112,21.7176770089441,51.2544967962593
10415,1038.5685,443.020573445662,37.0992066746634,0.996456543323824,0.120581626161406,0.625517858636361,0.362819879905712,48.7089349393926,411.499045859869
3022.125,302.28425,73.3341388544529,32.6264109365474,0.887313494442474,0.418092052938847,0.746351946545117,0.464880671719024,38.8061438277106,78.4008795520295
1119.5,183.647875,58.8085187498792,23.6129285957373,0.894016039997699,0.538756446755894,0.800834712159557,0.541676366651391,29.2879065063928,59.1499285434051
337.085714285714,75.3150571428571,27.6273578293988,14.3326630260653,0.770691412781371,0.696847345752483,0.877134940891184,0.623405438466722,15.5296665728201,27.7931325736362
2476.53846153846,278.732153846154,73.1495303978701,35.1563984335367,0.868853312488807,0.47868448697142,0.788603189947811,0.47682485890525,39.5445892762916,76.3219812152674
612.916666666667,95.35275,33.2859136215812,17.0401314746835,0.771296226942729,0.663334964502335,0.859914222298726,0.575564060988399,19.2155445747693,34.7735824205583
346.872340425532,79.7095319148936,28.1419284241157,13.94274899406,0.7896307834091,0.684236340233744,0.866177587041233,0.60591841602702,15.4706475914937,28.8108894822769
83.8461538461538,30.9549615384615,13.608874204453,7.31096303193705,0.778439214120711,0.825568757912032,0.947630896043931,0.709068022194234,7.73644283781192,13.9857726806513
3634.6,448.4204,109.809402998943,37.798818391978,0.909501135851314,0.428922974332369,0.781240961293306,0.60013867171177,38.8284682476857,118.138310294103
526.210526315789,105.269710526316,33.3906272568792,17.554440601687,0.766773676106325,0.674838488354992,0.865657430436582,0.616783135495978,19.490466369421,34.4806989132024
351.291666666667,84.8929166666667,34.5678318592799,12.2488259222069,0.861927068246203,0.60234648312428,0.857556665185331,0.585493897754283,13.8280621772692,33.9237273579931
335.4,76.4646285714286,29.7355091039655,12.3297574911467,0.831771368045415,0.655614962008856,0.862521085194699,0.584959277753357,13.9242600084669,28.9306669452541
978.9,164.6461,66.1415894120457,20.2201029109635,0.920246291211202,0.455338336536459,0.767735036865154,0.453637373121701,25.5354755232502,62.8042452594248
3674.5,409.4035,91.4979991802323,50.8244031954891,0.788994580044757,0.351993457525092,0.672861879496855,0.461644227578997,55.0691417279503,92.0288156548004
278.939393939394,74.7668181818182,31.3278312465061,12.1798174611343,0.833960689312928,0.638390035912151,0.842571458654705,0.582578733600321,13.4040135421339,30.1335142028728
296.578947368421,79.1002631578947,35.0308169152905,12.1902514375782,0.847071643104211,0.583769028868022,0.830254359716162,0.495133347344581,13.5502161983569,33.8708170479402
1514.375,221.538375,49.716895995473,30.3975598458175,0.809008974792424,0.559762204388115,0.803435282522578,0.585858240077054,32.0568123202683,50.5501126907617
2107.33333333333,217.4035,68.9176254420286,29.684651836104,0.823747024756157,0.552195665137877,0.774158436317901,0.492400164424729,34.6090243676153,72.4225090049114
1494,205.753615384615,56.8357689581436,23.0872493313617,0.841409230541233,0.537954985331478,0.774483041629451,0.560693360379609,25.3464809255317,56.645959388661
112.177777777778,38.0939333333333,16.5205774999305,8.28399828535414,0.765409712947442,0.764205271408092,0.91123938553901,0.651816020378432,8.94106223718932,16.6619646185223
1322.2,160.5915,50.2041566695492,18.3926855856595,0.813654436284193,0.671531339919882,0.861575392063584,0.627751864565204,21.136009829511,51.5247746049407
448.1875,109.107,51.3294017413453,13.0588823840358,0.862095375755186,0.635745142470558,0.849171471438097,0.560097892358487,15.1887092517221,46.7169576803718
416.25,92.3456,34.4649613364095,14.510380357504,0.868560448340561,0.594586613830808,0.849155851998063,0.539691175267244,16.0927840715343,34.5574163280589
549.666666666667,108.773222222222,36.6930607389163,19.2847142281381,0.810879472625938,0.603194942083874,0.831982755239334,0.583670141099988,20.6425662984167,37.0361921398039
1718.66666666667,223.71,72.667077610518,32.9606557002458,0.794756978090363,0.536839219949697,0.784662377318574,0.467898917186007,36.3474886805739,72.9330366386539
197.34375,57.63125,23.9695726008927,11.0857282983738,0.811617093329928,0.711526261711521,0.882609784049976,0.643049566281021,11.8232815630146,23.9918794787833
833.15,156.4269,51.5065013518225,21.4016802488559,0.839225797356598,0.531522868712154,0.786724906217973,0.471130735323421,23.12472700327,52.6123180537952
6652,963.908666666666,171.741335796009,48.6068332800065,0.951052069215628,0.300421277086137,0.664490796538377,0.494241682514365,68.8365636455517,183.046569810369
685.473684210526,107.570263157895,33.7581454672252,19.0528977985645,0.774466692774911,0.663487415978798,0.869854077174638,0.58924964148226,20.6149515280374,33.6020760837375
690.608695652174,121.741391304348,38.5001592530639,21.6780845025891,0.772445735848543,0.626499726177347,0.843153012688092,0.594822987955314,23.6543832897683,40.5329726324867
322.64,96.83052,44.4202226708265,11.7006308318363,0.891883734512534,0.553457258312777,0.822304282261,0.517442306001124,13.1648499336218,41.5432847940609
141.037735849057,45.853320754717,19.4783283114898,9.36028042384974,0.752880919751512,0.756103430113297,0.909111656130248,0.649658237306865,10.199027394153,19.6054566445612
184.191489361702,58.8974042553191,25.1414167588483,10.0853863219253,0.830639046912949,0.66464394747735,0.858178273074141,0.585644900696313,11.4286734999299,24.7463690914758
642.909090909091,156.184727272727,63.8467833238665,18.5613125097036,0.906700762395062,0.428978491990875,0.73462559597252,0.380745713712294,19.9162837354091,60.0670991968478
5128.5,655.6155,125.586273285157,57.2271573499421,0.916372694861947,0.288820003687284,0.650312595153096,0.409120931386184,58.5270064811174,133.703200688293
722.470588235294,161.001764705882,61.9144288082838,19.0223022432143,0.884948196187586,0.435281432387457,0.738623658208912,0.420394700564451,21.1126517026032,61.1258268637949
326.916666666667,75.5909791666667,29.0737227658565,14.2653321126641,0.808890294231761,0.668289347102689,0.870308826511596,0.60614132823933,15.3862659714379,28.828341547782
334.888888888889,91.3306666666666,40.2504820053662,13.1798022654133,0.875175621865095,0.567146480343092,0.797739836683393,0.5071270681361,15.0275238482574,38.2475451769208
1897.7,182.4981,70.3599123560982,20.0459028340757,0.94134272112094,0.44264812760832,0.766137819157343,0.422582171522365,23.3261336599366,71.0279379919908
824.636363636364,175.866,74.4226499864512,19.1752917931904,0.919727244690675,0.396904368270433,0.739199660439728,0.383652584366542,21.7848368246999,71.8526846412393
269.692307692308,70.819923076923,32.1913162866382,9.90087260375321,0.863003299302811,0.638622157582656,0.857955347644312,0.606755062998328,11.4259692640849,30.8209945003853
328.473684210526,77.9335263157895,32.4474881661503,12.1109788745127,0.833100703661063,0.657059331303779,0.873267508026415,0.550715791658741,13.3101620953921,32.7014072094473
773.387096774194,132.402548387097,41.365268104281,18.5685644898706,0.816602389655911,0.629659294280309,0.839725641648338,0.559717786820061,20.5957004984236,43.2087457395281
362.285714285714,105.530333333333,39.4762540470814,15.2768589857733,0.869388067503932,0.56549565200963,0.794404594228764,0.520412549469124,17.2891468204442,39.0973007608294
904.636363636364,164.675545454545,52.0177366250086,18.9766856883151,0.893994926143366,0.541012558895571,0.818341840033456,0.474916111314847,21.8962617624982,53.9748162955834
483.1,106.9682,43.5133422118906,14.9981753535632,0.876642389290805,0.547191078235087,0.827501072083221,0.565687909523542,16.7384330174224,43.8473562490567
316.147058823529,80.4108235294118,29.6494019046338,13.9047406194891,0.785196436385048,0.658406206975322,0.845813937944419,0.60203651142752,15.0050175867789,29.8328821229315
625.315789473684,122.087,42.859004733354,13.9605752613773,0.815222274489849,0.633116166397319,0.848931743972966,0.571378429534851,16.069453909828,41.4868447228676
1735.88888888889,265.848777777778,79.2673136000434,28.5819566141764,0.915068674668359,0.430554721910016,0.745762997240308,0.496740897609214,34.6019559773707,82.9846516804612
2303.25,290.166375,77.2872326160926,29.6776538516765,0.888786261489298,0.406476356000436,0.75775836510969,0.397817993216945,36.1122357158911,78.264738848634
1353.28571428571,262.497857142857,68.4611153331546,30.2232610481814,0.873078148445811,0.467248695309261,0.721678401338228,0.475058380092361,31.5916187186806,70.9270023370956
605.322580645161,121.79635483871,39.8503243949143,20.996453310147,0.806582575432871,0.549774110074556,0.789645842426387,0.542808396683428,22.8224004436836,39.6130309434374
28627,2078.269,565.588170922582,137.908316908467,0.969817564925492,0.08303671908555,0.381317100460879,0.233689795918367,239.67882658414,519.270642343663
116.939393939394,40.4565454545455,17.6593488070207,8.11038743920832,0.805458549632781,0.767120610965796,0.924832080098868,0.663557047741185,8.74912860787898,17.8288025197657
457.838709677419,103.058709677419,42.6636126521243,13.0439435809031,0.868988347428811,0.548152859391978,0.811004980738734,0.509392930863093,15.2317510414806,41.6169170370912
337.279069767442,80.6034418604651,31.6981602242834,13.3973089826556,0.806227224154347,0.683403647037298,0.867326325167949,0.605222376572381,14.7576287073183,30.6861065671149
251.290322580645,56.4419032258064,22.1764155425409,12.3546992376573,0.754902804055203,0.770885776538142,0.914556549879637,0.669283181914099,13.2647742845993,22.9620379790897
593.740740740741,122.757592592593,43.7571347929861,16.9547213595575,0.80123598802691,0.639803960347874,0.829824982428633,0.55780446059425,19.62445961599,41.8052358327735
410.272727272727,100.770848484848,39.132948708878,13.7547939825608,0.881255354699197,0.575069017399621,0.844902675170578,0.544995463236318,15.5318850446457,38.6003253194883
1017.45454545455,195.140272727273,52.3869470884897,21.7341158877105,0.895297500489521,0.519187225765749,0.762799490831532,0.528585472096352,24.6312504843624,51.3493198912982
302.589743589744,79.1486410256411,32.956289004467,12.5444611905088,0.839327713817471,0.624930259596322,0.853900802856641,0.572777612707,14.1107067632869,31.968911912924
134.608695652174,39.5199565217391,15.8581615442764,9.27417877318257,0.709178090367525,0.819050534364916,0.935084318479359,0.700042737867236,9.94344688968185,16.1101245404216
